request_id,ejecucion_id,escenario,estado_circuito_fin,estado_circuito_inicio,event_type,fuente_respuesta,hit_miss,latencia_proveedor_ms,latencia_total_ms,level,logger,proveedor_invocado,resultado,tiempo_conmutacion_ms,timestamp_deteccion,timestamp_fin,timestamp_inicio,timestamp_respuesta_cache,tipo_error,ts_wall
5662cdb0-be29-4ed3-acfb-1cee22887d4b,run1_rep3,D,CLOSED,CLOSED,request,PROVIDER,N/A,,110.58166699876892,INFO,adaptador.request,true,exitoso,,,9647.322123986,9647.211542319,,,2026-09-05T00:09:10.521474Z
4b1bf8ee-7718-475d-8d91-df194630d3f2,run1_rep3,D,CLOSED,CLOSED,request,PROVIDER,N/A,,186.02399999872432,INFO,adaptador.request,true,exitoso,,,9647.398244236,9647.212220236,,,2026-09-05T00:09:10.597568Z
234090c3-c9f5-43ee-897f-42f51ab7aab8,run1_rep3,D,CLOSED,CLOSED,request,PROVIDER,N/A,,64.74329199954809,INFO,adaptador.request,true,exitoso,,,9647.666740195,9647.601996903,,,2026-09-05T00:09:10.866074Z
8adc86aa-d359-4d80-b8b3-a3719fc840f3,run1_rep3,D,CLOSED,CLOSED,request,PROVIDER,N/A,,94.33104199888476,INFO,adaptador.request,true,exitoso,,,9647.901893195,9647.807562153,,,2026-09-05T00:09:11.101316Z
ee3c91eb-da93-4326-b71c-3abb473d8c37,run1_rep3,D,CLOSED,CLOSED,request,PROVIDER,N/A,,99.57762500016543,INFO,adaptador.request,true,exitoso,,,9648.189355612,9648.089777987,,,2026-09-05T00:09:11.388670Z
153a50ef-c745-4313-9204-ca3de95fcb5f,run1_rep3,D,CLOSED,CLOSED,request,PROVIDER,N/A,,70.38633299998764,INFO,adaptador.request,true,exitoso,,,9648.41410532,9648.343718987,,,2026-09-05T00:09:11.613445Z
95ef70dd-a0e8-41b0-ae5a-f4f3e3ebd3d2,run1_rep3,D,CLOSED,CLOSED,request,PROVIDER,N/A,,75.6266250009503,INFO,adaptador.request,true,exitoso,,,9648.773126362,9648.697499737,,,2026-09-05T00:09:11.972524Z
27f066ee-9524-499e-a9cd-716d0cceef12,run1_rep3,D,CLOSED,CLOSED,request,PROVIDER,N/A,,71.85316599861835,INFO,adaptador.request,true,exitoso,,,9648.958531195,9648.886678029,,,2026-09-05T00:09:12.157843Z
9a70b63b-efbe-4208-8d0c-9e4b18dad8fd,run1_rep3,D,CLOSED,CLOSED,request,PROVIDER,N/A,,72.73462500052119,INFO,adaptador.request,true,exitoso,,,9649.184599487,9649.111864862,,,2026-09-05T00:09:12.383941Z
4ed43a93-599c-46d2-bc3b-9de7852fd7b4,run1_rep3,D,CLOSED,CLOSED,request,PROVIDER,N/A,,124.91199999931268,INFO,adaptador.request,true,exitoso,,,9649.275372237,9649.150460237,,,2026-09-05T00:09:12.474694Z
1eacb26b-5840-49bb-90d6-c56f33acd6f9,run1_rep3,D,CLOSED,CLOSED,request,PROVIDER,N/A,,93.50387599988608,INFO,adaptador.request,true,exitoso,,,9649.458862946,9649.36535907,,,2026-09-05T00:09:12.658207Z
96706a7b-f36d-4bd0-aace-45c63d60c4e4,run1_rep3,D,CLOSED,CLOSED,request,PROVIDER,N/A,,95.30579099919123,INFO,adaptador.request,true,exitoso,,,9649.696619362,9649.601313571,,,2026-09-05T00:09:12.895980Z
285bd68e-2176-4917-9372-48533f3ae080,run1_rep3,D,CLOSED,CLOSED,request,PROVIDER,N/A,,154.73870799905853,INFO,adaptador.request,true,exitoso,,,9649.777300987,9649.622562279,,,2026-09-05T00:09:12.976694Z
3e633180-ed58-405c-90dc-08c0cb89e17d,run1_rep3,D,CLOSED,CLOSED,request,PROVIDER,N/A,,58.245792000889196,INFO,adaptador.request,true,exitoso,,,9650.218445946,9650.160200154,,,2026-09-05T00:09:13.417787Z
f1d984b3-9e33-4abd-a04c-df00853af157,run1_rep3,D,CLOSED,CLOSED,request,PROVIDER,N/A,,112.10449999998673,INFO,adaptador.request,true,exitoso,,,9650.277230488,9650.165125988,,,2026-09-05T00:09:13.476588Z
f5962a08-e0e3-4923-b402-713fd8b1317f,run1_rep3,D,CLOSED,CLOSED,request,PROVIDER,N/A,,73.06674999927054,INFO,adaptador.request,true,exitoso,,,9650.461840363,9650.388773613,,,2026-09-05T00:09:13.661268Z
66574a19-0407-4d59-9f82-c0913ae41a91,run1_rep3,D,CLOSED,CLOSED,request,PROVIDER,N/A,,92.33862499968382,INFO,adaptador.request,true,exitoso,,,9650.766100821,9650.673762196,,,2026-09-05T00:09:13.965420Z
2560e024-1a62-4a88-b823-36c2520cd8ff,run1_rep3,D,CLOSED,CLOSED,request,PROVIDER,N/A,,109.35333300039929,INFO,adaptador.request,true,exitoso,,,9651.072846571,9650.963493238,,,2026-09-05T00:09:14.272220Z
98bf7099-99b0-4bd5-8a1a-4b292cea8f28,run1_rep3,D,CLOSED,CLOSED,request,PROVIDER,N/A,,93.6320410000917,INFO,adaptador.request,true,exitoso,,,9651.257874696,9651.164242655,,,2026-09-05T00:09:14.457201Z
51db36f1-c7f3-4bd6-9b10-300b7fefca59,run1_rep3,D,CLOSED,CLOSED,request,PROVIDER,N/A,,81.46041699910711,INFO,adaptador.request,true,exitoso,,,9651.49813253,9651.416672113,,,2026-09-05T00:09:14.697451Z
1d098eee-9b7d-4cc0-b8ca-ba298f5d5e87,run1_rep3,D,CLOSED,CLOSED,request,PROVIDER,N/A,,116.3728750016162,INFO,adaptador.request,true,exitoso,,,9651.562469488,9651.446096613,,,2026-09-05T00:09:14.761767Z
9a6d0f23-4816-48c0-a67e-64551c7de34b,run1_rep3,D,CLOSED,CLOSED,request,PROVIDER,N/A,,105.47562500141794,INFO,adaptador.request,true,exitoso,,,9651.822679405,9651.71720378,,,2026-09-05T00:09:15.022058Z
04dab5b2-dcd5-480b-bab7-bc77a023a4b3,run1_rep3,D,CLOSED,CLOSED,request,PROVIDER,N/A,,196.02745799966215,INFO,adaptador.request,true,exitoso,,,9651.914249113,9651.718221655,,,2026-09-05T00:09:15.113642Z
5d991e26-e283-4634-9884-255d5b26d95c,run1_rep3,D,CLOSED,CLOSED,request,PROVIDER,N/A,,64.41816599908634,INFO,adaptador.request,true,exitoso,,,9652.000303738,9651.935885572,,,2026-09-05T00:09:15.199585Z
aff5f31d-4ab9-4407-8a69-2b7adc0a552b,run1_rep3,D,CLOSED,CLOSED,request,PROVIDER,N/A,,76.61954200011678,INFO,adaptador.request,true,exitoso,,,9652.239825905,9652.163206363,,,2026-09-05T00:09:15.439150Z
f4fa3f2b-07e2-4770-91db-598a41c691de,run1_rep3,D,CLOSED,CLOSED,request,PROVIDER,N/A,,115.72833399986848,INFO,adaptador.request,true,exitoso,,,9652.310106072,9652.194377738,,,2026-09-05T00:09:15.509451Z
dcc159d1-0c39-4844-bf62-485557d39d19,run1_rep3,D,CLOSED,CLOSED,request,PROVIDER,N/A,,86.29229100006341,INFO,adaptador.request,true,exitoso,,,9652.515805905,9652.429513614,,,2026-09-05T00:09:15.715128Z
d4f8937a-f99a-4132-b144-eaae19dc98aa,run1_rep3,D,CLOSED,CLOSED,request,PROVIDER,N/A,,55.63329100004921,INFO,adaptador.request,true,exitoso,,,9652.69862003,9652.642986739,,,2026-09-05T00:09:15.897959Z
fed6fd3b-d0d0-433f-9167-640dac417c6d,run1_rep3,D,CLOSED,CLOSED,request,PROVIDER,N/A,,84.03329199973086,INFO,adaptador.request,true,exitoso,,,9652.818175572,9652.73414228,,,2026-09-05T00:09:16.017542Z
b445c866-ef19-4b0e-ab0b-c008b7d3ee4c,run1_rep3,D,CLOSED,CLOSED,request,PROVIDER,N/A,,78.25733400022727,INFO,adaptador.request,true,exitoso,,,9652.953520906,9652.875263572,,,2026-09-05T00:09:16.152858Z
2a949035-199d-4adb-abb9-a52c6b514967,run1_rep3,D,CLOSED,CLOSED,request,PROVIDER,N/A,,112.0859169986943,INFO,adaptador.request,true,exitoso,,,9653.043570114,9652.931484197,,,2026-09-05T00:09:16.242904Z
61aad1dd-470b-4c0d-b9c2-ccc61ecf83db,run1_rep3,D,CLOSED,CLOSED,request,PROVIDER,N/A,,106.1957080000866,INFO,adaptador.request,true,exitoso,,,9653.300053572,9653.193857864,,,2026-09-05T00:09:16.499391Z
0bcbca0d-8c46-4592-95f3-0bc75075c7fc,run1_rep3,D,CLOSED,CLOSED,request,PROVIDER,N/A,,108.14408300029754,INFO,adaptador.request,true,exitoso,,,9653.576814822,9653.468670739,,,2026-09-05T00:09:16.776146Z
4de3154b-4b1a-4516-a91f-4e1a9a5787ac,run1_rep3,D,CLOSED,CLOSED,request,PROVIDER,N/A,,105.62304199993378,INFO,adaptador.request,true,exitoso,,,9653.831200906,9653.725577864,,,2026-09-05T00:09:17.030535Z
c26c8a9d-76cc-4795-a264-58d49f9607e2,run1_rep3,D,CLOSED,CLOSED,request,PROVIDER,N/A,,163.20520899898838,INFO,adaptador.request,true,exitoso,,,9653.897596448,9653.734391239,,,2026-09-05T00:09:17.096993Z
b6f375ea-2d06-4839-890a-f4b7d98bc000,run1_rep3,D,CLOSED,CLOSED,request,PROVIDER,N/A,,56.7522920009651,INFO,adaptador.request,true,exitoso,,,9654.229705656,9654.172953364,,,2026-09-05T00:09:17.429123Z
32480493-5490-4665-aab9-48de65eb3cb8,run1_rep3,D,CLOSED,CLOSED,request,PROVIDER,N/A,,85.00237499902141,INFO,adaptador.request,true,exitoso,,,9654.367665073,9654.282662698,,,2026-09-05T00:09:17.567073Z
86979a18-76ef-4bff-8f51-860c27ec9b25,run1_rep3,D,CLOSED,CLOSED,request,PROVIDER,N/A,,97.20754199952353,INFO,adaptador.request,true,exitoso,,,9654.56057949,9654.463371948,,,2026-09-05T00:09:17.759919Z
580a898a-c242-4e69-bcfd-b807f2e212bc,run1_rep3,D,CLOSED,CLOSED,request,PROVIDER,N/A,,76.47941699906369,INFO,adaptador.request,true,exitoso,,,9654.65603524,9654.579555823,,,2026-09-05T00:09:17.855423Z
90917261-2f7d-4837-9869-cef8dd8ca1ee,run1_rep3,D,CLOSED,CLOSED,request,PROVIDER,N/A,,79.79954099937459,INFO,adaptador.request,true,exitoso,,,9654.750051156,9654.670251615,,,2026-09-05T00:09:17.949377Z
0cdcc911-78ba-4d5e-b976-d69ccf00948b,run1_rep3,D,CLOSED,CLOSED,request,PROVIDER,N/A,,87.47737500016228,INFO,adaptador.request,true,exitoso,,,9655.104840198,9655.017362823,,,2026-09-05T00:09:18.304173Z
a373f339-90dd-4736-aea7-3371f7e90f27,run1_rep3,D,CLOSED,CLOSED,request,PROVIDER,N/A,,79.76100000087172,INFO,adaptador.request,true,exitoso,,,9655.298411865,9655.218650865,,,2026-09-05T00:09:18.497692Z
4db0074b-9d3c-4902-a24b-2fdc9cf0cc3c,run1_rep3,D,CLOSED,CLOSED,request,PROVIDER,N/A,,99.79754199957824,INFO,adaptador.request,true,exitoso,,,9655.52295549,9655.423157948,,,2026-09-05T00:09:18.722288Z
cda2b8cb-781d-4d4e-854f-6b83fafeed2d,run1_rep3,D,CLOSED,CLOSED,request,PROVIDER,N/A,,79.29508300003363,INFO,adaptador.request,true,exitoso,,,9655.606800323,9655.52750524,,,2026-09-05T00:09:18.806139Z
ae7c29b1-e3c2-4bda-ac47-4227e4d71eae,run1_rep3,D,CLOSED,CLOSED,request,PROVIDER,N/A,,95.76379099962651,INFO,adaptador.request,true,exitoso,,,9656.04827899,9655.952515199,,,2026-09-05T00:09:19.247595Z
0a99e9fc-92a3-452f-8800-6af716823711,run1_rep3,D,CLOSED,CLOSED,request,PROVIDER,N/A,,78.38620799884666,INFO,adaptador.request,true,exitoso,,,9656.155167365,9656.076781157,,,2026-09-05T00:09:19.354545Z
32f94226-25a5-458a-b19f-6b0fd2c492c7,run1_rep3,D,CLOSED,CLOSED,request,PROVIDER,N/A,,107.71112600014021,INFO,adaptador.request,true,exitoso,,,9656.529106241,9656.421395115,,,2026-09-05T00:09:19.728457Z
fc03d115-4562-42fe-a860-f5d53e8dbc72,run1_rep3,D,CLOSED,CLOSED,request,PROVIDER,N/A,,151.0935000005702,INFO,adaptador.request,true,exitoso,,,9656.630992949,9656.479899449,,,2026-09-05T00:09:19.830351Z
8a833c70-6c31-40dd-b0df-fd32afad392b,run1_rep3,D,CLOSED,CLOSED,request,PROVIDER,N/A,,71.3970419983525,INFO,adaptador.request,true,exitoso,,,9656.855649991,9656.784252949,,,2026-09-05T00:09:20.054996Z
a0c44ff2-ed8a-4fb2-a452-71ce7ab01b6b,run1_rep3,D,CLOSED,CLOSED,request,PROVIDER,N/A,,98.00754100069753,INFO,adaptador.request,true,exitoso,,,9656.938943657,9656.840936116,,,2026-09-05T00:09:20.138350Z
local-1b409d14-88f7-4bee-a4e7-de582efc366c,run1_rep3,D,OPEN,CLOSED,request,CACHE,HIT,33.69191700039664,34.335207999902195,INFO,adaptador.request,true,degradado,0.4881249988102354,9657.236934033,9657.237577324,9657.203242116,9657.237422158,CIRCUIT_OPEN,2026-09-05T00:09:20.436896Z
51741b98-7365-4fb6-a79a-45b6a9f510dd,run1_rep3,D,OPEN,OPEN,request,CACHE,HIT,0.05008300104236696,1.6802910013211658,INFO,adaptador.request,false,degradado,1.5432079999300186,9657.403875116,9657.405505324,9657.403825033,9657.405418324,CIRCUIT_OPEN,2026-09-05T00:09:20.604856Z
3079d83a-41b3-41d9-910e-bf510cfa983d,run1_rep3,D,OPEN,OPEN,request,CACHE,HIT,0.033542000892339274,1.8139170006179484,INFO,adaptador.request,false,degradado,1.6922919985518092,9657.405275241,9657.407055616,9657.405241699,9657.406967533,CIRCUIT_OPEN,2026-09-05T00:09:20.607295Z
6ab6b442-f928-497d-9675-df6c8d2d6f4b,run1_rep3,D,OPEN,OPEN,request,CACHE,HIT,0.018958999135065824,4.557041998850764,INFO,adaptador.request,false,degradado,4.475791000004392,9657.404165908,9657.408703991,9657.404146949,9657.408641699,CIRCUIT_OPEN,2026-09-05T00:09:20.608958Z
6b977464-e50b-4003-9d9d-a54e550f8d62,run1_rep3,D,OPEN,OPEN,request,CACHE,HIT,0.023249998776009306,1.060124999639811,INFO,adaptador.request,false,degradado,0.9639590007282095,9657.407985949,9657.409022824,9657.407962699,9657.408949908,CIRCUIT_OPEN,2026-09-05T00:09:20.609376Z
40eaedef-b8ab-4ded-b005-a5bbc25b4314,run1_rep3,D,OPEN,OPEN,request,CACHE,HIT,0.02237499938928522,1.4189579997037072,INFO,adaptador.request,false,degradado,1.3666249997186242,9657.410734866,9657.412131449,9657.410712491,9657.412101491,CIRCUIT_OPEN,2026-09-05T00:09:20.611401Z
97ed8e6f-b5b1-4cfd-aa3c-34bd55a14b86,run1_rep3,D,OPEN,OPEN,request,CACHE,HIT,0.008916998922359198,1.8980829991050996,INFO,adaptador.request,false,degradado,1.8565000009402866,9657.412726158,9657.414615324,9657.412717241,9657.414582658,CIRCUIT_OPEN,2026-09-05T00:09:20.615250Z
6ff6c02b-d11b-43b7-a5b3-d9c8466eadfb,run1_rep3,D,OPEN,OPEN,request,CACHE,HIT,0.009041001248988323,2.1537910015467787,INFO,adaptador.request,false,degradado,2.1085839998704614,9657.413343324,9657.415488074,9657.413334283,9657.415451908,CIRCUIT_OPEN,2026-09-05T00:09:20.615715Z
312e5793-05cc-4fe2-b373-dd11c108ccbd,run1_rep3,D,OPEN,OPEN,request,CACHE,HIT,0.010958001439576037,2.002417000767309,INFO,adaptador.request,false,degradado,1.9514999985403847,9657.413916449,9657.415907908,9657.413905491,9657.415867949,CIRCUIT_OPEN,2026-09-05T00:09:20.616163Z
f6d9c55a-603b-4aa9-8914-7141f619c0b2,run1_rep3,D,OPEN,OPEN,request,CACHE,HIT,0.010166999345528893,1.5864999986661132,INFO,adaptador.request,false,degradado,1.5389159998449031,9657.414838408,9657.416414741,9657.414828241,9657.416377324,CIRCUIT_OPEN,2026-09-05T00:09:20.616470Z
25322a30-0011-453e-9ec5-4cf92882e5ba,run1_rep3,D,OPEN,OPEN,request,CACHE,HIT,0.01687500116531737,1.5883750002103625,INFO,adaptador.request,false,degradado,1.5292499992938247,9657.415286866,9657.416858366,9657.415269991,9657.416816116,CIRCUIT_OPEN,2026-09-05T00:09:20.616752Z
3f1f05b6-6c72-4add-806e-425db8330dd7,run1_rep3,D,OPEN,OPEN,request,CACHE,HIT,0.053416999435285106,1.1490839988255175,INFO,adaptador.request,false,degradado,1.00666700018337,9657.615761616,9657.616857283,9657.615708199,9657.616768283,CIRCUIT_OPEN,2026-09-05T00:09:20.816436Z
fc734eb2-a341-40c1-bbb1-37e388c8924e,run1_rep3,D,OPEN,OPEN,request,CACHE,HIT,0.01691599936748389,0.9114159984164871,INFO,adaptador.request,false,degradado,0.851458999022725,9657.616220824,9657.617115324,9657.616203908,9657.617072283,CIRCUIT_OPEN,2026-09-05T00:09:20.816708Z
a5a567ed-94c2-4ab4-bf88-770927cc5a92,run1_rep3,D,OPEN,OPEN,request,CACHE,HIT,0.06362500062095933,0.802041000497411,INFO,adaptador.request,false,degradado,0.6463749996328261,9657.653042283,9657.653780699,9657.652978658,9657.653688658,CIRCUIT_OPEN,2026-09-05T00:09:20.853100Z
87ad76e3-2abc-47ad-8fbd-1f075ad1597f,run1_rep3,D,OPEN,OPEN,request,CACHE,HIT,0.02795899854390882,0.6385839988070074,INFO,adaptador.request,false,degradado,0.5461660002765711,9657.654748033,9657.655358658,9657.654720074,9657.655294199,CIRCUIT_OPEN,2026-09-05T00:09:20.854695Z
5e30d41b-76ea-4765-9718-77b46347464c,run1_rep3,D,OPEN,OPEN,request,CACHE,HIT,0.03229100002499763,0.5277079999359557,INFO,adaptador.request,false,degradado,0.43558400102483574,9657.665212949,9657.665708366,9657.665180658,9657.665648533,CIRCUIT_OPEN,2026-09-05T00:09:20.865008Z
46185927-0d51-4a58-b3bf-b0b93fe990fc,run1_rep3,D,OPEN,OPEN,request,CACHE,HIT,0.020540999685181305,0.4053330012538936,INFO,adaptador.request,false,degradado,0.31650000164518133,9657.672659199,9657.673043991,9657.672638658,9657.672975699,CIRCUIT_OPEN,2026-09-05T00:09:20.872368Z
19290cdf-211b-4078-b5bf-aaa4b6f5a2e6,run1_rep3,D,OPEN,OPEN,request,CACHE,HIT,0.04587500006891787,0.7350830001087161,INFO,adaptador.request,false,degradado,0.5809579997730907,9657.780400408,9657.781089616,9657.780354533,9657.780981366,CIRCUIT_OPEN,2026-09-05T00:09:20.980410Z
e11ffef8-b0bf-43e5-a55b-37938165af1e,run1_rep3,D,OPEN,OPEN,request,CACHE,HIT,0.0474579992442159,0.7614579990331549,INFO,adaptador.request,false,degradado,0.6212919997778954,9657.831653616,9657.832367616,9657.831606158,9657.832274908,CIRCUIT_OPEN,2026-09-05T00:09:21.031691Z
4b66a55e-fd96-4a0c-a47e-b077d8f447f2,run1_rep3,D,OPEN,OPEN,request,CACHE,HIT,0.05812500057800207,1.2187920001451857,INFO,adaptador.request,false,degradado,1.0707090004871134,9657.899580866,9657.900741533,9657.899522741,9657.900651575,CIRCUIT_OPEN,2026-09-05T00:09:21.100076Z
89f719e8-2b2d-405c-bb3e-06b52ff6192d,run1_rep3,D,OPEN,OPEN,request,CACHE,HIT,0.027542000680114143,0.9375830013595987,INFO,adaptador.request,false,degradado,0.857540999277262,9657.9005347,9657.901444741,9657.900507158,9657.901392241,CIRCUIT_OPEN,2026-09-05T00:09:21.100916Z
a5f500c3-6a52-41b3-b033-c8ca074cf994,run1_rep3,D,OPEN,OPEN,request,CACHE,HIT,0.04733300011139363,0.8406669985561166,INFO,adaptador.request,false,degradado,0.710916998286848,9657.913937241,9657.914730575,9657.913889908,9657.914648158,CIRCUIT_OPEN,2026-09-05T00:09:21.114057Z
b492a3c5-fb3c-4d32-a501-44432621d17f,run1_rep3,D,OPEN,OPEN,request,CACHE,HIT,0.06012499943608418,1.1361249999026768,INFO,adaptador.request,false,degradado,0.9918750001816079,9657.939251241,9657.940327241,9657.939191116,9657.940243116,CIRCUIT_OPEN,2026-09-05T00:09:21.139991Z
f9599d24-3a01-48fc-a300-0a19b88e61be,run1_rep3,D,OPEN,OPEN,request,CACHE,HIT,0.017458000002079643,0.9793329991225619,INFO,adaptador.request,false,degradado,0.9100419993046671,9657.939697366,9657.940659241,9657.939679908,9657.940607408,CIRCUIT_OPEN,2026-09-05T00:09:21.140305Z
1f002a33-2b09-4060-a365-28c0407fdb56,run1_rep3,D,OPEN,OPEN,request,CACHE,HIT,0.02829200093401596,0.5739170010201633,INFO,adaptador.request,false,degradado,0.4682500002672896,9657.960238325,9657.96078395,9657.960210033,9657.960706575,CIRCUIT_OPEN,2026-09-05T00:09:21.160095Z
9fb3522d-5621-4e39-a955-ad6917582486,run1_rep3,D,OPEN,OPEN,request,CACHE,HIT,0.04004199945484288,0.6471669985330664,INFO,adaptador.request,false,degradado,0.5362499996408587,9657.980576033,9657.981183158,9657.980535991,9657.981112283,CIRCUIT_OPEN,2026-09-05T00:09:21.180478Z
a3e93557-d371-4a96-b339-55dd50f6fd0c,run1_rep3,D,OPEN,OPEN,request,CACHE,HIT,0.026249999791616574,0.5022909990657354,INFO,adaptador.request,false,degradado,0.42191600005025975,9658.0229392,9658.023415241,9658.02291295,9658.023361116,CIRCUIT_OPEN,2026-09-05T00:09:21.222708Z
63e6e308-2515-4a94-8eff-e11b55701285,run1_rep3,D,OPEN,OPEN,request,CACHE,HIT,0.0429579995397944,0.7775829999445705,INFO,adaptador.request,false,degradado,0.6512079999083653,9658.103932408,9658.104667033,9658.10388945,9658.104583616,CIRCUIT_OPEN,2026-09-05T00:09:21.303978Z
cb5f3b18-5a69-455a-997a-6a677f152d72,run1_rep3,D,OPEN,OPEN,request,CACHE,HIT,0.03220799953851383,0.9783750010683434,INFO,adaptador.request,false,degradado,0.8452080001006834,9658.111481658,9658.112427825,9658.11144945,9658.112326866,CIRCUIT_OPEN,2026-09-05T00:09:21.311738Z
dfff2767-0b78-4ba0-bd53-cf89d458a2e0,run1_rep3,D,OPEN,OPEN,request,CACHE,HIT,0.031583000236423686,0.5579580010817153,INFO,adaptador.request,false,degradado,0.451666999651934,9658.123264741,9658.123791116,9658.123233158,9658.123716408,CIRCUIT_OPEN,2026-09-05T00:09:21.323120Z
5a105a52-794a-4cb2-a2e6-67a211ba6863,run1_rep3,D,OPEN,OPEN,request,CACHE,HIT,0.04383400118967984,0.7687090001127217,INFO,adaptador.request,false,degradado,0.587124999583466,9658.149136075,9658.14986095,9658.149092241,9658.1497232,CIRCUIT_OPEN,2026-09-05T00:09:21.349295Z
24a235ba-876d-4825-9e05-a02a98fada39,run1_rep3,D,OPEN,OPEN,request,CACHE,HIT,0.03749999996216502,0.5747499999415595,INFO,adaptador.request,false,degradado,0.4709999993792735,9658.178301116,9658.178838366,9658.178263616,9658.178772116,CIRCUIT_OPEN,2026-09-05T00:09:21.378145Z
58604919-9699-4dfc-a2c1-1091447b7fbc,run1_rep3,D,OPEN,OPEN,request,CACHE,HIT,0.031083000067155808,0.5952080009592464,INFO,adaptador.request,false,degradado,0.5004590002499754,9658.189267741,9658.189831866,9658.189236658,9658.1897682,CIRCUIT_OPEN,2026-09-05T00:09:21.389136Z
c9b66b34-2b06-42ed-b2e3-682f71503878,run1_rep3,D,OPEN,OPEN,request,CACHE,HIT,0.03229100002499763,0.7862080001359573,INFO,adaptador.request,false,degradado,0.6239169997570571,9658.219585241,9658.220339158,9658.21955295,9658.220209158,CIRCUIT_OPEN,2026-09-05T00:09:21.419733Z
05500d7d-315f-43f8-be7e-f7ad8435435c,run1_rep3,D,OPEN,OPEN,request,CACHE,HIT,0.039167000068118796,0.6251249997148989,INFO,adaptador.request,false,degradado,0.5150829983904259,9658.24423795,9658.244823908,9658.244198783,9658.244753033,CIRCUIT_OPEN,2026-09-05T00:09:21.444139Z
f4f2f713-3c6c-4378-8ccb-d74423469dfe,run1_rep3,D,OPEN,OPEN,request,CACHE,HIT,0.04891599928669166,1.129332998971222,INFO,adaptador.request,false,degradado,0.9973340002034092,9658.310601116,9658.311681533,9658.3105522,9658.31159845,CIRCUIT_OPEN,2026-09-05T00:09:21.511280Z
280e745b-2a0c-498e-909e-4ff57c4be341,run1_rep3,D,OPEN,OPEN,request,CACHE,HIT,0.02033300006587524,0.6764579993614461,INFO,adaptador.request,false,degradado,0.6058750004740432,9658.311273366,9658.311929491,9658.311253033,9658.311879241,CIRCUIT_OPEN,2026-09-05T00:09:21.511555Z
c58b186b-eaa4-4a23-901d-6fdf00ef5119,run1_rep3,D,OPEN,OPEN,request,CACHE,HIT,0.029458000426529907,0.6032080000295537,INFO,adaptador.request,false,degradado,0.5004169997846475,9658.332696033,9658.333269783,9658.332666575,9658.33319645,CIRCUIT_OPEN,2026-09-05T00:09:21.532597Z
d0ecd718-96f8-49d3-91fc-060c80bb4f15,run1_rep3,D,OPEN,OPEN,request,CACHE,HIT,0.02329199924133718,0.5827499990118667,INFO,adaptador.request,false,degradado,0.49866600056702737,9658.34363195,9658.344191408,9658.343608658,9658.344130616,CIRCUIT_OPEN,2026-09-05T00:09:21.543501Z
c2e15d68-ab0b-4d08-9700-07711817f249,run1_rep3,D,OPEN,OPEN,request,CACHE,HIT,0.017333000869257376,0.40095800068229437,INFO,adaptador.request,false,degradado,0.3192080002918374,9658.345768408,9658.346152033,9658.345751075,9658.346087616,CIRCUIT_OPEN,2026-09-05T00:09:21.545475Z
4641a0a9-3e40-40e2-9e0c-8c1532986a1f,run1_rep3,D,OPEN,OPEN,request,CACHE,HIT,0.04349999835540075,0.653832999887527,INFO,adaptador.request,false,degradado,0.5229170001257444,9658.427643033,9658.428253366,9658.427599533,9658.42816595,CIRCUIT_OPEN,2026-09-05T00:09:21.627573Z
b76c6cdc-399b-4007-b21d-d79721528b1f,run1_rep3,D,OPEN,OPEN,request,CACHE,HIT,0.0407089992222609,0.6886249993840465,INFO,adaptador.request,false,degradado,0.5479999999806751,9658.44869195,9658.449339866,9658.448651241,9658.44923995,CIRCUIT_OPEN,2026-09-05T00:09:21.648739Z
8b8d58b7-7fe8-43fe-8709-65338a0d9f09,run1_rep3,D,OPEN,OPEN,request,CACHE,HIT,0.03041700074390974,0.45558400051959325,INFO,adaptador.request,false,degradado,0.3529999994498212,9658.451533408,9658.451958575,9658.451502991,9658.451886408,CIRCUIT_OPEN,2026-09-05T00:09:21.651299Z
9286d214-ccb8-4684-a4ca-8909fc3a92f8,run1_rep3,D,OPEN,OPEN,request,CACHE,HIT,0.029875000109313987,0.6097499990573851,INFO,adaptador.request,false,degradado,0.5036669990658993,9658.464340241,9658.464920116,9658.464310366,9658.464843908,CIRCUIT_OPEN,2026-09-05T00:09:21.664261Z
a60b45f4-1aaa-4cb1-a4c9-9ba3b5d20244,run1_rep3,D,OPEN,OPEN,request,CACHE,HIT,0.03383300099812914,0.6473749999713618,INFO,adaptador.request,false,degradado,0.5419169992819661,9658.508565283,9658.509178825,9658.50853145,9658.5091072,CIRCUIT_OPEN,2026-09-05T00:09:21.708496Z
a0c34d85-241e-4923-ad14-299ad3068a71,run1_rep3,D,OPEN,OPEN,request,CACHE,HIT,0.028208000003360212,0.5973330007691402,INFO,adaptador.request,false,degradado,0.49700000090524554,9658.514362491,9658.514931616,9658.514334283,9658.514859491,CIRCUIT_OPEN,2026-09-05T00:09:21.714276Z
d4f5aa79-51ba-4c9b-90df-6a5842c3a087,run1_rep3,D,OPEN,OPEN,request,CACHE,HIT,0.017624999600229785,0.45229199895402417,INFO,adaptador.request,false,degradado,0.3700839988596272,9658.530753658,9658.531188325,9658.530736033,9658.531123742,CIRCUIT_OPEN,2026-09-05T00:09:21.730512Z
aaf6d14f-8048-4984-8365-a3749d5fc010,run1_rep3,D,OPEN,OPEN,request,CACHE,HIT,0.015042000086396001,0.5285420011205133,INFO,adaptador.request,false,degradado,0.45375000081548933,9658.535611242,9658.536124742,9658.5355962,9658.536064992,CIRCUIT_OPEN,2026-09-05T00:09:21.735443Z
f4198cb8-9f7f-4aa7-8960-43e5ca5ab3ed,run1_rep3,D,OPEN,OPEN,request,CACHE,HIT,0.0340410006174352,0.5497080001077848,INFO,adaptador.request,false,degradado,0.4423749996931292,9658.581259033,9658.5817747,9658.581224992,9658.581701408,CIRCUIT_OPEN,2026-09-05T00:09:21.781087Z
fd10fd74-41f1-449e-8c06-019c81e89aac,run1_rep3,D,OPEN,OPEN,request,CACHE,HIT,0.04675000127463136,0.7758750016364502,INFO,adaptador.request,false,degradado,0.6472080003732117,9658.65441995,9658.655149075,9658.6543732,9658.655067158,CIRCUIT_OPEN,2026-09-05T00:09:21.854459Z
36791ec6-db9c-4fe2-9251-387bd0649495,run1_rep3,D,OPEN,OPEN,request,CACHE,HIT,0.045291999413166195,0.9433340001123725,INFO,adaptador.request,false,degradado,0.7912080000096466,9658.731073325,9658.731971367,9658.731028033,9658.731864533,CIRCUIT_OPEN,2026-09-05T00:09:21.931337Z
77dec5cd-e1be-4fa4-b715-968095b2112b,run1_rep3,D,OPEN,OPEN,request,CACHE,HIT,0.019208000594517216,1.2073329999111593,INFO,adaptador.request,false,degradado,1.1227499999222346,9658.735412325,9658.73660045,9658.735393117,9658.736535075,CIRCUIT_OPEN,2026-09-05T00:09:21.935942Z
4d4cb53e-c956-46f2-88b0-c73e8e18ef96,run1_rep3,D,OPEN,OPEN,request,CACHE,HIT,0.02979199962283019,1.3047499996901024,INFO,adaptador.request,false,degradado,1.1676659996737726,9658.734943242,9658.7362182,9658.73491345,9658.736110908,CIRCUIT_OPEN,2026-09-05T00:09:21.936225Z
0a134d69-cf5e-4ec6-b9c3-ac6e5dc08984,run1_rep3,D,OPEN,OPEN,request,CACHE,HIT,0.04808300036529545,0.5404999992606463,INFO,adaptador.request,false,degradado,0.4347499998402782,9658.751038533,9658.75153095,9658.75099045,9658.751473283,CIRCUIT_OPEN,2026-09-05T00:09:21.950829Z
12c4968b-5b6f-4897-8b52-852a00e8716b,run1_rep3,D,OPEN,OPEN,request,CACHE,HIT,0.036875000660074875,0.8174579998012632,INFO,adaptador.request,false,degradado,0.7064580004225718,9658.7884032,9658.789183783,9658.788366325,9658.789109658,CIRCUIT_OPEN,2026-09-05T00:09:21.988511Z
eebfd453-c331-40e6-add3-03e365ad121b,run1_rep3,D,OPEN,OPEN,request,CACHE,HIT,0.025417000870220363,0.4726670013042167,INFO,adaptador.request,false,degradado,0.3744999994523823,9658.794602492,9658.795049742,9658.794577075,9658.794976992,CIRCUIT_OPEN,2026-09-05T00:09:21.994345Z
675e7418-b2e8-46f0-9693-2ad4fd08a7e8,run1_rep3,D,OPEN,OPEN,request,CACHE,HIT,0.039040998672135174,0.6119159988884348,INFO,adaptador.request,false,degradado,0.49937500079977326,9658.835609908,9658.836182783,9658.835570867,9658.836109283,CIRCUIT_OPEN,2026-09-05T00:09:22.035506Z
51df5065-dd47-48cc-96ca-1d938ea79bf8,run1_rep3,D,OPEN,OPEN,request,CACHE,HIT,0.038791999031673186,0.5502080002770526,INFO,adaptador.request,false,degradado,0.448958000561106,9658.859154867,9658.859666283,9658.859116075,9658.859603825,CIRCUIT_OPEN,2026-09-05T00:09:22.058974Z
0933af7e-b7f0-4f60-a188-842487b8145c,run1_rep3,D,OPEN,OPEN,request,CACHE,HIT,0.029999999242136255,0.6108329998824047,INFO,adaptador.request,false,degradado,0.5095000014989637,9658.86971195,9658.870292783,9658.86968195,9658.87022145,CIRCUIT_OPEN,2026-09-05T00:09:22.069604Z
2b23f301-3154-4ad3-bab9-c4963ffd40ab,run1_rep3,D,OPEN,OPEN,request,CACHE,HIT,0.05054199937148951,0.6222079991857754,INFO,adaptador.request,false,degradado,0.5023329995310633,9658.909043742,9658.909615408,9658.9089932,9658.909546075,CIRCUIT_OPEN,2026-09-05T00:09:22.108926Z
680bd677-8ac0-4267-b200-0e92baceb523,run1_rep3,D,OPEN,OPEN,request,CACHE,HIT,0.049375001253793016,0.7768330015096581,INFO,adaptador.request,false,degradado,0.6374169988703215,9658.933550825,9658.934278283,9658.93350145,9658.934188242,CIRCUIT_OPEN,2026-09-05T00:09:22.133591Z
64c51b6a-2fd0-42dd-8f26-4d17a4d1a9a9,run1_rep3,D,OPEN,OPEN,request,CACHE,HIT,0.034500000765547156,0.5832920014654519,INFO,adaptador.request,false,degradado,0.48012499973992817,9658.969382575,9658.969931367,9658.969348075,9658.9698627,CIRCUIT_OPEN,2026-09-05T00:09:22.169272Z
6e2f257c-44f5-4030-a184-279bf956de2c,run1_rep3,D,OPEN,OPEN,request,CACHE,HIT,0.03354199907334987,0.5875839997315779,INFO,adaptador.request,false,degradado,0.4816670007130597,9658.9844082,9658.984962242,9658.984374658,9658.984889867,CIRCUIT_OPEN,2026-09-05T00:09:22.184317Z
ee21725f-e627-41f2-b855-44efe48ce199,run1_rep3,D,OPEN,OPEN,request,CACHE,HIT,0.03670799924293533,0.6232079995243112,INFO,adaptador.request,false,degradado,0.5139580007380573,9659.0303697,9659.0309562,9659.030332992,9659.030883658,CIRCUIT_OPEN,2026-09-05T00:09:22.230278Z
314eadb7-1193-423c-8bb2-0200e0dfa560,run1_rep3,D,OPEN,OPEN,request,CACHE,HIT,0.04174999958195258,0.6037080001988215,INFO,adaptador.request,false,degradado,0.49041700003726874,9659.053916075,9659.054478033,9659.053874325,9659.054406492,CIRCUIT_OPEN,2026-09-05T00:09:22.253787Z
799d7aaa-a419-4257-b3ab-295e4ab45363,run1_rep3,D,OPEN,OPEN,request,CACHE,HIT,0.06320799911918584,0.9652499993535457,INFO,adaptador.request,false,degradado,0.7743749993096571,9659.0936757,9659.094577742,9659.093612492,9659.094450075,CIRCUIT_OPEN,2026-09-05T00:09:22.293912Z
6c9ca5fa-1ffa-4af3-9b19-8cf1ac9774e0,run1_rep3,D,OPEN,OPEN,request,CACHE,HIT,0.04425000042829197,0.7125000011001248,INFO,adaptador.request,false,degradado,0.5850420002389001,9659.166750408,9659.167418658,9659.166706158,9659.16733545,CIRCUIT_OPEN,2026-09-05T00:09:22.366743Z
cba5a3ba-2ebf-4b6f-a7d9-062bc19ad21f,run1_rep3,D,OPEN,OPEN,request,CACHE,HIT,0.03108400051132776,0.9273340001527686,INFO,adaptador.request,false,degradado,0.8241659998020623,9659.200497242,9659.201393492,9659.200466158,9659.201321408,CIRCUIT_OPEN,2026-09-05T00:09:22.400713Z
3bac4e3f-ef1e-47ea-9da1-aa1e195872f1,run1_rep3,D,OPEN,OPEN,request,CACHE,HIT,0.019082999642705545,0.9940410000126576,INFO,adaptador.request,false,degradado,0.9239169994543772,9659.207781075,9659.208756033,9659.207761992,9659.208704992,CIRCUIT_OPEN,2026-09-05T00:09:22.408056Z
e2fbc7d1-2801-4ce1-9a6f-d17bb91390d8,run1_rep3,D,OPEN,OPEN,request,CACHE,HIT,0.02883300112443976,1.2265830009710044,INFO,adaptador.request,false,degradado,1.1306249998597195,9659.207284283,9659.208482033,9659.20725545,9659.208414908,CIRCUIT_OPEN,2026-09-05T00:09:22.408317Z
5136b80a-49f8-46be-9864-5dd3f16f63df,run1_rep3,D,OPEN,OPEN,request,CACHE,HIT,0.049665999540593475,0.9167079988401383,INFO,adaptador.request,false,degradado,0.6911250002303859,9659.2705217,9659.271388742,9659.270472034,9659.271212825,CIRCUIT_OPEN,2026-09-05T00:09:22.470739Z
9b1faa57-0ab0-4aba-928d-d6cb45445da7,run1_rep3,D,OPEN,OPEN,request,CACHE,HIT,0.03366700002516154,0.6216249985300237,INFO,adaptador.request,false,degradado,0.48566599980404135,9659.273814534,9659.274402492,9659.273780867,9659.2743002,CIRCUIT_OPEN,2026-09-05T00:09:22.473715Z
fb75c3ff-9990-4b22-9868-45922c950260,run1_rep3,D,OPEN,OPEN,request,CACHE,HIT,0.050958000429091044,0.8259579990408383,INFO,adaptador.request,false,degradado,0.656958998661139,9659.39029995,9659.39107495,9659.390248992,9659.390956909,CIRCUIT_OPEN,2026-09-05T00:09:22.590401Z
ce22bf90-a678-4be6-90eb-76b595775c8a,run1_rep3,D,OPEN,OPEN,request,CACHE,HIT,0.043416999687906355,1.0865420008485671,INFO,adaptador.request,false,degradado,0.9569579997332767,9659.435271367,9659.436314492,9659.43522795,9659.436228325,CIRCUIT_OPEN,2026-09-05T00:09:22.635645Z
fa42e726-60d5-4442-916c-f9f7d5838515,run1_rep3,D,OPEN,OPEN,request,CACHE,HIT,0.019791999875451438,1.4090839995333226,INFO,adaptador.request,false,degradado,1.331666999249137,9659.436137617,9659.437526909,9659.436117825,9659.437469284,CIRCUIT_OPEN,2026-09-05T00:09:22.637416Z
cd9f4c7e-2903-4479-9bee-c4efb753e201,run1_rep3,D,OPEN,OPEN,request,CACHE,HIT,0.012250000509084202,0.850791999255307,INFO,adaptador.request,false,degradado,0.7830840004316997,9659.437214825,9659.438053367,9659.437202575,9659.437997909,CIRCUIT_OPEN,2026-09-05T00:09:22.637708Z
df991934-6d41-48c2-85c0-4c2acde9b27d,run1_rep3,D,OPEN,OPEN,request,CACHE,HIT,0.04949999856762588,1.1177090000273893,INFO,adaptador.request,false,degradado,0.9883750008157222,9659.530842825,9659.531911034,9659.530793325,9659.5318312,CIRCUIT_OPEN,2026-09-05T00:09:22.731494Z
006632b2-e7ab-4982-bdea-0263f5fc9bac,run1_rep3,D,OPEN,OPEN,request,CACHE,HIT,0.020625000615837052,0.6605840007978259,INFO,adaptador.request,false,degradado,0.5923749995417893,9659.5315427,9659.532182659,9659.531522075,9659.532135075,CIRCUIT_OPEN,2026-09-05T00:09:22.731789Z
af544759-d2c1-4cde-abd1-0013deebfbe1,run1_rep3,D,OPEN,OPEN,request,CACHE,HIT,0.030124998374958523,0.5810839993500849,INFO,adaptador.request,false,degradado,0.47558400001435075,9659.53944795,9659.539998909,9659.539417825,9659.539923534,CIRCUIT_OPEN,2026-09-05T00:09:22.739352Z
1b4508cc-180e-4368-a119-e845f6364d8d,run1_rep3,D,OPEN,OPEN,request,CACHE,HIT,0.017917000150191598,0.36750000072061084,INFO,adaptador.request,false,degradado,0.3034170003957115,9659.543944242,9659.544293825,9659.543926325,9659.544247659,CIRCUIT_OPEN,2026-09-05T00:09:22.743590Z
9a5ef0aa-d65a-4b74-8a31-4d023d62bb43,run1_rep3,D,OPEN,OPEN,request,CACHE,HIT,0.01570899985381402,0.6602499997825362,INFO,adaptador.request,false,degradado,0.5978749995847465,9659.560233909,9659.56087845,9659.5602182,9659.560831784,CIRCUIT_OPEN,2026-09-05T00:09:22.760172Z
03801d46-1543-45d1-b1a1-4a9406c5ca02,run1_rep3,D,OPEN,OPEN,request,CACHE,HIT,0.01700000029813964,0.6629590006923536,INFO,adaptador.request,false,degradado,0.6042500008334173,9659.56075495,9659.561400909,9659.56073795,9659.5613592,CIRCUIT_OPEN,2026-09-05T00:09:22.760855Z
4720026a-711a-44bb-9b3f-fcdcad29a603,run1_rep3,D,OPEN,OPEN,request,CACHE,HIT,0.0307080008496996,0.8812079995550448,INFO,adaptador.request,false,degradado,0.7767919996695127,9659.641872992,9659.642723492,9659.641842284,9659.642649784,CIRCUIT_OPEN,2026-09-05T00:09:22.842062Z
4d3af2d7-a178-42f0-805f-92a2f49b5048,run1_rep3,D,OPEN,OPEN,request,CACHE,HIT,0.021083000319777057,0.8683329997438705,INFO,adaptador.request,false,degradado,0.7967090004967758,9659.64252895,9659.6433762,9659.642507867,9659.643325659,CIRCUIT_OPEN,2026-09-05T00:09:22.842864Z
95d5fed0-42d7-4a14-bc64-b0530df7d383,run1_rep3,D,OPEN,OPEN,request,CACHE,HIT,0.052999999752501026,0.8028329993976513,INFO,adaptador.request,false,degradado,0.6726249994244426,9659.689665492,9659.690415325,9659.689612492,9659.690338117,CIRCUIT_OPEN,2026-09-05T00:09:22.889717Z
754304c4-766b-4906-80d1-9444a40596c2,run1_rep3,D,OPEN,OPEN,request,CACHE,HIT,0.027209000108996406,0.6632090007769875,INFO,adaptador.request,false,degradado,0.5237910008872859,9659.712446409,9659.713082409,9659.7124192,9659.7129702,CIRCUIT_OPEN,2026-09-05T00:09:22.912398Z
9013f907-b067-4f03-8097-a52ece5651d4,run1_rep3,D,OPEN,OPEN,request,CACHE,HIT,0.03974999890488107,0.7040000000415603,INFO,adaptador.request,false,degradado,0.5892500012123492,9659.741779159,9659.742443409,9659.741739409,9659.742368409,CIRCUIT_OPEN,2026-09-05T00:09:22.941784Z
9dca3f4e-246f-4d79-9b98-9458ce3e132a,run1_rep3,D,OPEN,OPEN,request,CACHE,HIT,0.030625000363215804,0.5842910013598157,INFO,adaptador.request,false,degradado,0.4898750012216624,9659.757054659,9659.757608325,9659.757024034,9659.757544534,CIRCUIT_OPEN,2026-09-05T00:09:22.956917Z
b7bdf28b-a1fc-4361-b96e-f115c1250998,run1_rep3,D,OPEN,OPEN,request,CACHE,HIT,0.054999998610583134,0.9150839996436844,INFO,adaptador.request,false,degradado,0.7414170013362309,9659.8944227,9659.895282784,9659.8943677,9659.895164117,CIRCUIT_OPEN,2026-09-05T00:09:23.094610Z
774da84c-df46-4d80-b292-0328c44794af,run1_rep3,D,OPEN,OPEN,request,CACHE,HIT,0.03237499913666397,0.6278749988268828,INFO,adaptador.request,false,degradado,0.5204580011195503,9659.899679867,9659.900275367,9659.899647492,9659.900200325,CIRCUIT_OPEN,2026-09-05T00:09:23.099603Z
49965264-2fc1-4ff7-a8fc-4434bf1d6b74,run1_rep3,D,OPEN,OPEN,request,CACHE,HIT,0.01929099926201161,0.43641599950206,INFO,adaptador.request,false,degradado,0.36370900124893524,9659.9034502,9659.903867325,9659.903430909,9659.903813909,CIRCUIT_OPEN,2026-09-05T00:09:23.103166Z
65ff3bc9-0dec-4859-8720-01e4512481ed,run1_rep3,D,OPEN,OPEN,request,CACHE,HIT,0.02162500095437281,0.5436669998744037,INFO,adaptador.request,false,degradado,0.41854200026136823,9659.920522242,9659.921044284,9659.920500617,9659.920940784,CIRCUIT_OPEN,2026-09-05T00:09:23.120453Z
5d6e1a04-a628-4bcb-b6c4-a769e2f16ebc,run1_rep3,D,OPEN,OPEN,request,CACHE,HIT,0.022124999304651283,0.3997080002591247,INFO,adaptador.request,false,degradado,0.3282910001871642,9659.925042034,9659.925419617,9659.925019909,9659.925370325,CIRCUIT_OPEN,2026-09-05T00:09:23.124704Z
77234a74-9e16-4712-a58e-eef7f003faed,run1_rep3,D,OPEN,OPEN,request,CACHE,HIT,0.01858300129242707,0.3974580013164086,INFO,adaptador.request,false,degradado,0.3304579986433964,9659.964788159,9659.965167034,9659.964769576,9659.965118617,CIRCUIT_OPEN,2026-09-05T00:09:23.164456Z
d8b32cd0-7249-4d15-b857-91c153146bc7,run1_rep3,D,OPEN,OPEN,request,CACHE,HIT,0.013582999599748291,0.2581249991635559,INFO,adaptador.request,false,degradado,0.21379200006776955,9659.976693367,9659.976937909,9659.976679784,9659.976907159,CIRCUIT_OPEN,2026-09-05T00:09:23.176210Z
c8918d14-1da3-47ae-a35e-96b8923aac70,run1_rep3,D,OPEN,OPEN,request,CACHE,HIT,0.01049999991664663,0.27058399973611813,INFO,adaptador.request,false,degradado,0.22879200150782708,9659.993472117,9659.993732201,9659.993461617,9659.993700909,CIRCUIT_OPEN,2026-09-05T00:09:23.193002Z
11d64fb4-3707-4314-84b5-808d84f0ac83,run1_rep3,D,OPEN,OPEN,request,CACHE,HIT,0.011791998986154795,0.33795899980759714,INFO,adaptador.request,false,degradado,0.2875829995900858,9660.004857909,9660.005184076,9660.004846117,9660.005145492,CIRCUIT_OPEN,2026-09-05T00:09:23.204500Z
241509b1-d45d-4651-82fb-1866781bfd4f,run1_rep3,D,OPEN,OPEN,request,CACHE,HIT,0.017374999515595846,0.30162499933794606,INFO,adaptador.request,false,degradado,0.2494590007700026,9660.006637367,9660.006921617,9660.006619992,9660.006886826,CIRCUIT_OPEN,2026-09-05T00:09:23.206197Z
5439dee7-f116-47c6-9475-2016fcab24ef,run1_rep3,D,OPEN,OPEN,request,CACHE,HIT,0.016459000107715838,0.34874999983003363,INFO,adaptador.request,false,degradado,0.2883750003093155,9660.094403951,9660.094736242,9660.094387492,9660.094692326,CIRCUIT_OPEN,2026-09-05T00:09:23.294027Z
26c49fa0-716d-40ad-b273-7b00ccd83792,run1_rep3,D,OPEN,OPEN,request,CACHE,HIT,0.01445900124963373,0.34750000122585334,INFO,adaptador.request,false,degradado,0.2676659987628227,9660.102714451,9660.103047492,9660.102699992,9660.102982117,CIRCUIT_OPEN,2026-09-05T00:09:23.302329Z
b4129539-a339-4c77-8c22-bc043cdd633d,run1_rep3,D,OPEN,OPEN,request,CACHE,HIT,0.017458000002079643,0.3577499992388766,INFO,adaptador.request,false,degradado,0.29733299925283063,9660.127088284,9660.127428576,9660.127070826,9660.127385617,CIRCUIT_OPEN,2026-09-05T00:09:23.326723Z
098ca5b4-7b31-44bb-9fd6-1a76316958a1,run1_rep3,D,OPEN,OPEN,request,CACHE,HIT,0.028500000553322025,0.8599579996371176,INFO,adaptador.request,false,degradado,0.7742909983790014,9660.140823326,9660.141654784,9660.140794826,9660.141597617,CIRCUIT_OPEN,2026-09-05T00:09:23.341139Z
4c366f9f-ece1-4589-a3d3-75989555949c,run1_rep3,D,OPEN,OPEN,request,CACHE,HIT,0.016749998394516297,0.4958749996148981,INFO,adaptador.request,false,degradado,0.4535830012173392,9660.141369201,9660.141848326,9660.141352451,9660.141822784,CIRCUIT_OPEN,2026-09-05T00:09:23.341382Z
2c354761-2306-4949-84f0-8170bd72d4aa,run1_rep3,D,OPEN,OPEN,request,CACHE,HIT,0.015457999325008132,0.32008299967856146,INFO,adaptador.request,false,degradado,0.26566700034891255,9660.173332659,9660.173637284,9660.173317201,9660.173598326,CIRCUIT_OPEN,2026-09-05T00:09:23.372916Z
06fe0d53-65b5-4ba5-9921-95aba260afaf,run1_rep3,D,OPEN,OPEN,request,CACHE,HIT,0.010583000403130427,0.24879199918359518,INFO,adaptador.request,false,degradado,0.20862499877694063,9660.182902242,9660.183140451,9660.182891659,9660.183110867,CIRCUIT_OPEN,2026-09-05T00:09:23.382405Z
b175fc6b-8fe2-4e93-baad-d698008b84d7,run1_rep3,D,OPEN,OPEN,request,CACHE,HIT,0.012250000509084202,0.25595800070732366,INFO,adaptador.request,false,degradado,0.21100000049045775,9660.211729826,9660.211973534,9660.211717576,9660.211940826,CIRCUIT_OPEN,2026-09-05T00:09:23.411261Z
c29cfdcd-0c49-48f4-9dc5-39a2b010a192,run1_rep3,D,OPEN,OPEN,request,CACHE,HIT,0.01195900040329434,0.2715840000746539,INFO,adaptador.request,false,degradado,0.22283299949776847,9660.237115451,9660.237375076,9660.237103492,9660.237338284,CIRCUIT_OPEN,2026-09-05T00:09:23.436656Z
a5f5ee9a-b965-49f7-9e98-88df562cc315,run1_rep3,D,OPEN,OPEN,request,CACHE,HIT,0.014792000001762062,0.7134170009521767,INFO,adaptador.request,false,degradado,0.65987500056508,9660.268910034,9660.269608659,9660.268895242,9660.269569909,CIRCUIT_OPEN,2026-09-05T00:09:23.469109Z
43ce6c2e-8cd6-46c0-ac0c-d93926d02c67,run1_rep3,D,OPEN,OPEN,request,CACHE,HIT,0.010707999535952695,0.6102080005803145,INFO,adaptador.request,false,degradado,0.5588340009126114,9660.269211492,9660.269810992,9660.269200784,9660.269770326,CIRCUIT_OPEN,2026-09-05T00:09:23.469447Z
1dd7c912-760c-4d11-9cff-76b9dd9405bf,run1_rep3,D,OPEN,OPEN,request,CACHE,HIT,0.014541999917128123,0.3406670002732426,INFO,adaptador.request,false,degradado,0.2847499999916181,9660.272212701,9660.272538826,9660.272198159,9660.272497451,CIRCUIT_OPEN,2026-09-05T00:09:23.471835Z
6b77c567-6376-40c8-bdd9-c957397e88a4,run1_rep3,D,OPEN,OPEN,request,CACHE,HIT,0.012541000614874065,0.2816659998643445,INFO,adaptador.request,false,degradado,0.23229200087371282,9660.309582242,9660.309851367,9660.309569701,9660.309814534,CIRCUIT_OPEN,2026-09-05T00:09:23.509133Z
d2a99bca-3af6-4187-809f-189f6faf9cdc,run1_rep3,D,OPEN,OPEN,request,CACHE,HIT,0.025499999537714757,0.6069579994800733,INFO,adaptador.request,false,degradado,0.5055420006101485,9660.354086534,9660.354667992,9660.354061034,9660.354592076,CIRCUIT_OPEN,2026-09-05T00:09:23.553989Z
37220632-c3aa-4623-b22c-debc61986296,run1_rep3,D,OPEN,OPEN,request,CACHE,HIT,0.05216699901211541,0.8004169994819677,INFO,adaptador.request,false,degradado,0.6537910012411885,9660.404077701,9660.404825951,9660.404025534,9660.404731492,CIRCUIT_OPEN,2026-09-05T00:09:23.604154Z
c7f14bf0-cd41-473b-bb91-3be74f9be86f,run1_rep3,D,OPEN,OPEN,request,CACHE,HIT,0.033542000892339274,0.6314170004770858,INFO,adaptador.request,false,degradado,0.518625000040629,9660.428271659,9660.428869534,9660.428238117,9660.428790284,CIRCUIT_OPEN,2026-09-05T00:09:23.628199Z
6d0ea072-8e37-4ca4-9ae6-0eb408c8cf63,run1_rep3,D,OPEN,OPEN,request,CACHE,HIT,0.023791999410605058,0.46416700024565216,INFO,adaptador.request,false,degradado,0.3691670008265646,9660.457107659,9660.457548034,9660.457083867,9660.457476826,CIRCUIT_OPEN,2026-09-05T00:09:23.656876Z
0584d09f-4114-4497-8fe6-42822fbe4be2,run1_rep3,D,OPEN,OPEN,request,CACHE,HIT,0.016707999748177826,0.4048749997309642,INFO,adaptador.request,false,degradado,0.33887499921547715,9660.472852367,9660.473240534,9660.472835659,9660.473191242,CIRCUIT_OPEN,2026-09-05T00:09:23.672538Z
8d8b2dff-d7d7-451e-b68c-072a50437ca4,run1_rep3,D,OPEN,OPEN,request,CACHE,HIT,0.047792000259505585,0.7221249998110579,INFO,adaptador.request,false,degradado,0.5867499985470204,9660.522170534,9660.522844867,9660.522122742,9660.522757284,CIRCUIT_OPEN,2026-09-05T00:09:23.722174Z
444312d3-3b0f-4682-bac1-602f41220f53,run1_rep3,D,OPEN,OPEN,request,CACHE,HIT,0.03749999996216502,0.9217910010193009,INFO,adaptador.request,false,degradado,0.8151660003932193,9660.556395451,9660.557279742,9660.556357951,9660.557210617,CIRCUIT_OPEN,2026-09-05T00:09:23.756600Z
f3375845-a82d-452b-a503-a2972381a307,run1_rep3,D,OPEN,OPEN,request,CACHE,HIT,0.0228749995585531,0.9374999990541255,INFO,adaptador.request,false,degradado,0.8350000007339986,9660.557129367,9660.558043992,9660.557106492,9660.557964367,CIRCUIT_OPEN,2026-09-05T00:09:23.757374Z
f8e611b2-c8c4-4e15-8eb7-381959f2e007,run1_rep3,D,OPEN,OPEN,request,CACHE,HIT,0.04545900083030574,0.7502919997932622,INFO,adaptador.request,false,degradado,0.6132499984232709,9660.600825826,9660.601530659,9660.600780367,9660.601439076,CIRCUIT_OPEN,2026-09-05T00:09:23.800869Z
1ad87bb5-c1aa-4c13-b335-38dbedd73b3b,run1_rep3,D,OPEN,OPEN,request,CACHE,HIT,0.031207999199978076,0.6942079999134876,INFO,adaptador.request,false,degradado,0.5727080006181495,9660.607384534,9660.608047534,9660.607353326,9660.607957242,CIRCUIT_OPEN,2026-09-05T00:09:23.807391Z
5bcfab78-0ffd-4ba7-a966-162f1e704436,run1_rep3,D,OPEN,OPEN,request,CACHE,HIT,0.021166000806260854,0.5175410005904268,INFO,adaptador.request,false,degradado,0.4304169997340068,9660.618886742,9660.619383117,9660.618865576,9660.619317159,CIRCUIT_OPEN,2026-09-05T00:09:23.818699Z
b257afe0-fb28-4849-b42b-c4d1750e0d1c,run1_rep3,D,OPEN,OPEN,request,CACHE,HIT,0.033708000046317466,0.6485419999080477,INFO,adaptador.request,false,degradado,0.5362499996408587,9660.666696159,9660.667310993,9660.666662451,9660.667232409,CIRCUIT_OPEN,2026-09-05T00:09:23.866634Z
10b49527-2e56-48b6-9385-5b3aa16abd28,run1_rep3,D,OPEN,OPEN,request,CACHE,HIT,0.030625000363215804,0.6201659998623654,INFO,adaptador.request,false,degradado,0.52624999989348,9660.671677618,9660.672267159,9660.671646993,9660.672203868,CIRCUIT_OPEN,2026-09-05T00:09:23.871574Z
8ee88e1f-2475-4c97-997e-5ddd097bcbf9,run1_rep3,D,OPEN,OPEN,request,CACHE,HIT,0.03379199915798381,0.5784170007245848,INFO,adaptador.request,false,degradado,0.4705420014943229,9660.711437576,9660.711982201,9660.711403784,9660.711908118,CIRCUIT_OPEN,2026-09-05T00:09:23.911327Z
91304b44-89ac-4919-b223-98e3288ee6f4,run1_rep3,D,OPEN,OPEN,request,CACHE,HIT,0.027291000151308253,0.49104099889518693,INFO,adaptador.request,false,degradado,0.3941670001950115,9660.717998284,9660.718462034,9660.717970993,9660.718392451,CIRCUIT_OPEN,2026-09-05T00:09:23.917767Z
28e5d694-cb51-4f7e-b9cf-8f89ec65210b,run1_rep3,D,OPEN,OPEN,request,CACHE,HIT,0.028208000003360212,0.5675000011251541,INFO,adaptador.request,false,degradado,0.4670830003306037,9660.727175076,9660.727714368,9660.727146868,9660.727642159,CIRCUIT_OPEN,2026-09-05T00:09:23.927041Z
657fde25-4e6c-4e21-b662-4ce523ab5c72,run1_rep3,D,OPEN,OPEN,request,CACHE,HIT,0.018832999558071606,0.36787499993806705,INFO,adaptador.request,false,degradado,0.3096250002272427,9660.815223451,9660.815572493,9660.815204618,9660.815533076,CIRCUIT_OPEN,2026-09-05T00:09:24.014853Z
697dfbba-6910-4d9e-9566-4f7433c2ba70,run1_rep3,D,OPEN,OPEN,request,CACHE,HIT,0.014833000022917986,0.2929580005002208,INFO,adaptador.request,false,degradado,0.24595899958512746,9660.833394284,9660.833672409,9660.833379451,9660.833640243,CIRCUIT_OPEN,2026-09-05T00:09:24.032944Z
b7c42238-1cfe-411e-a3a6-13b5d3a9e436,run1_rep3,D,OPEN,OPEN,request,CACHE,HIT,0.013208000382292084,0.29883299976063427,INFO,adaptador.request,false,degradado,0.25062500026251655,9660.876806909,9660.877092534,9660.876793701,9660.877057534,CIRCUIT_OPEN,2026-09-05T00:09:24.076365Z
9cbf7d83-c74e-40cc-9f15-e0521e80777d,run1_rep3,D,OPEN,OPEN,request,CACHE,HIT,0.010957999620586634,0.290375000986387,INFO,adaptador.request,false,degradado,0.23700000019744039,9660.894361284,9660.894640701,9660.894350326,9660.894598284,CIRCUIT_OPEN,2026-09-05T00:09:24.093926Z
a27e9732-6991-445b-9334-7fea454b0fd9,run1_rep3,D,OPEN,OPEN,request,CACHE,HIT,0.02183399919886142,0.4054589990118984,INFO,adaptador.request,false,degradado,0.3387500000826549,9660.950290493,9660.950674118,9660.950268659,9660.950629243,CIRCUIT_OPEN,2026-09-05T00:09:24.149955Z
601130c5-6a4f-4767-a87e-0914a362d29c,run1_rep3,D,OPEN,OPEN,request,CACHE,HIT,0.044082999011152424,1.2797079998563277,INFO,adaptador.request,false,degradado,1.1523339999257587,9661.036609784,9661.037845409,9661.036565701,9661.037762118,CIRCUIT_OPEN,2026-09-05T00:09:24.237183Z
1c04eb96-ec0a-4dd9-930c-91d73001c4c9,run1_rep3,D,OPEN,OPEN,request,CACHE,HIT,0.024833998395479284,0.9080839990929235,INFO,adaptador.request,false,degradado,0.8359160001418786,9661.037623743,9661.038506993,9661.037598909,9661.038459659,CIRCUIT_OPEN,2026-09-05T00:09:24.237955Z
2da88b80-b44c-47ad-bda7-e82aee06f397,run1_rep3,D,OPEN,OPEN,request,CACHE,HIT,0.04391699985717423,1.4916250001988374,INFO,adaptador.request,false,degradado,1.3717910005652811,9661.134860993,9661.136308701,9661.134817076,9661.136232784,CIRCUIT_OPEN,2026-09-05T00:09:24.336056Z
df1ac6c5-f3a5-4ba1-8e7d-ab917a4290c0,run1_rep3,D,OPEN,OPEN,request,CACHE,HIT,0.018667000404093415,1.282917000935413,INFO,adaptador.request,false,degradado,1.2198749991512159,9661.135321451,9661.136585701,9661.135302784,9661.136541326,CIRCUIT_OPEN,2026-09-05T00:09:24.337051Z
0ded13b4-cee4-4b92-899e-cba433cb81ad,run1_rep3,D,OPEN,OPEN,request,CACHE,HIT,0.023750000764266588,1.6087500007415656,INFO,adaptador.request,false,degradado,1.5013329993962543,9661.136126826,9661.137711826,9661.136103076,9661.137628159,CIRCUIT_OPEN,2026-09-05T00:09:24.337530Z
6402faa2-9d95-4cb0-9bc5-c0605f8678c9,run1_rep3,D,OPEN,OPEN,request,CACHE,HIT,0.026959000024362467,0.4877920000581071,INFO,adaptador.request,false,degradado,0.4036249993077945,9661.149287618,9661.149748451,9661.149260659,9661.149691243,CIRCUIT_OPEN,2026-09-05T00:09:24.349043Z
6f9e1fc8-1405-4182-8dc8-ed6189bb56c9,run1_rep3,D,OPEN,OPEN,request,CACHE,HIT,0.040083999920170754,0.6562089984072372,INFO,adaptador.request,false,degradado,0.5324579997250112,9661.205535618,9661.206151743,9661.205495534,9661.206068076,CIRCUIT_OPEN,2026-09-05T00:09:24.405480Z
6f23f200-41c6-48ca-a4c4-4d1f5f714d83,run1_rep3,D,OPEN,OPEN,request,CACHE,HIT,0.03541699879860971,0.6814589996793075,INFO,adaptador.request,false,degradado,0.5745830003434094,9661.233921951,9661.234567993,9661.233886534,9661.234496534,CIRCUIT_OPEN,2026-09-05T00:09:24.433875Z
6b044976-9dd2-4903-b30d-3f9cbb33cfb9,run1_rep3,D,OPEN,OPEN,request,CACHE,HIT,0.03991700032202061,0.6892080000397982,INFO,adaptador.request,false,degradado,0.5805830005556345,9661.254639993,9661.255289284,9661.254600076,9661.255220576,CIRCUIT_OPEN,2026-09-05T00:09:24.454594Z
87b2a391-ce48-4b1b-9aa7-6ebd6120da7b,run1_rep3,D,OPEN,OPEN,request,CACHE,HIT,0.05395799962570891,0.8834579984977609,INFO,adaptador.request,false,degradado,0.7043339992378606,9661.308257659,9661.309087159,9661.308203701,9661.308961993,CIRCUIT_OPEN,2026-09-05T00:09:24.508419Z
537ac939-56e8-45b1-9af2-d9aa1f3c68ef,run1_rep3,D,OPEN,OPEN,request,CACHE,HIT,0.03987499985669274,0.7860419991629897,INFO,adaptador.request,false,degradado,0.6821669994678814,9661.315200534,9661.315946701,9661.315160659,9661.315882701,CIRCUIT_OPEN,2026-09-05T00:09:24.515263Z
60d4af04-004a-4cc5-84ff-cc038ae9fa43,run1_rep3,D,OPEN,OPEN,request,CACHE,HIT,0.02020799911406357,0.5668750000040745,INFO,adaptador.request,false,degradado,0.4927080008201301,9661.316938826,9661.317485493,9661.316918618,9661.317431534,CIRCUIT_OPEN,2026-09-05T00:09:24.516823Z
e8e2ba91-e958-4b82-b515-43b88c20e455,run1_rep3,D,OPEN,OPEN,request,CACHE,HIT,0.03312499939056579,1.0633750007400522,INFO,adaptador.request,false,degradado,0.9499170009803493,9661.352878618,9661.353908868,9661.352845493,9661.353828535,CIRCUIT_OPEN,2026-09-05T00:09:24.553779Z
ae53cebb-f1dd-41a2-b2e0-bf5b22c0cf06,run1_rep3,D,OPEN,OPEN,request,CACHE,HIT,0.020540999685181305,0.886040999830584,INFO,adaptador.request,false,degradado,0.8166669995262055,9661.353349576,9661.354215076,9661.353329035,9661.354166243,CIRCUIT_OPEN,2026-09-05T00:09:24.554356Z
d4535fd5-e053-4ec3-ae9a-90a96a3bba5f,run1_rep3,D,OPEN,OPEN,request,CACHE,HIT,0.045917000534245744,0.9322500009147916,INFO,adaptador.request,false,degradado,0.7482910004910082,9661.38953866,9661.390424993,9661.389492743,9661.390286951,CIRCUIT_OPEN,2026-09-05T00:09:24.589821Z
8006def6-12de-4a91-a77d-82213d82b315,run1_rep3,D,OPEN,OPEN,request,CACHE,HIT,0.031042000045999885,0.5014170001231832,INFO,adaptador.request,false,degradado,0.4219999991619261,9661.39715316,9661.397623535,9661.397122118,9661.39757516,CIRCUIT_OPEN,2026-09-05T00:09:24.596917Z
f22bbc0a-54b1-4c85-9369-07033acb3434,run1_rep3,D,OPEN,OPEN,request,CACHE,HIT,0.027166999643668532,0.429457999416627,INFO,adaptador.request,false,degradado,0.34425000012561213,9661.423141785,9661.423544076,9661.423114618,9661.423486035,CIRCUIT_OPEN,2026-09-05T00:09:24.622848Z
8b69c997-afcd-4716-a070-b23d2ab2b0a0,run1_rep3,D,OPEN,OPEN,request,CACHE,HIT,0.015583000276819803,0.3254999992350349,INFO,adaptador.request,false,degradado,0.26620799872034695,9661.427089868,9661.427399785,9661.427074285,9661.427356076,CIRCUIT_OPEN,2026-09-05T00:09:24.626687Z
122c4b86-80c2-402a-a556-085f74b835ae,run1_rep3,D,OPEN,OPEN,request,CACHE,HIT,0.016542000594199635,0.840458000311628,INFO,adaptador.request,false,degradado,0.7692079998378176,9661.457600535,9661.458424451,9661.457583993,9661.458369743,CIRCUIT_OPEN,2026-09-05T00:09:24.658002Z
cb9e1c09-0ccd-4d74-bd08-3524eb89add7,run1_rep3,D,OPEN,OPEN,request,CACHE,HIT,0.012833999790018424,0.7367500002146699,INFO,adaptador.request,false,degradado,0.6674159994872753,9661.457958035,9661.458681951,9661.457945201,9661.458625451,CIRCUIT_OPEN,2026-09-05T00:09:24.658257Z
33eedd26-8e01-4698-b36f-13dba4c9ea70,run1_rep3,D,OPEN,OPEN,request,CACHE,HIT,0.028374999601510353,0.5282080001052236,INFO,adaptador.request,false,degradado,0.4375000007712515,9661.51477991,9661.515279743,9661.514751535,9661.51521741,CIRCUIT_OPEN,2026-09-05T00:09:24.714603Z
838a9898-a5c7-43db-8cc7-1a6209a7351d,run1_rep3,D,OPEN,OPEN,request,CACHE,HIT,0.04958400131727103,0.840209000671166,INFO,adaptador.request,false,degradado,0.6950829993002117,9661.540141535,9661.54093216,9661.540091951,9661.540836618,CIRCUIT_OPEN,2026-09-05T00:09:24.740287Z
9a20e085-5554-4e23-ae54-98dce34dee0a,run1_rep3,D,OPEN,OPEN,request,CACHE,HIT,0.04379199890536256,0.700083999618073,INFO,adaptador.request,false,degradado,0.5776250000053551,9661.577136118,9661.57779241,9661.577092326,9661.577713743,CIRCUIT_OPEN,2026-09-05T00:09:24.777105Z
d7ca6324-c8dd-486e-9496-caa92b945d5a,run1_rep3,D,OPEN,OPEN,request,CACHE,HIT,0.04120800076634623,0.7246250006573973,INFO,adaptador.request,false,degradado,0.6062079992261715,9661.646843618,9661.647527035,9661.64680241,9661.647449826,CIRCUIT_OPEN,2026-09-05T00:09:24.846836Z
e8281e49-dee6-4c71-a7fb-7471c94ce943,run1_rep3,D,OPEN,OPEN,request,CACHE,HIT,0.02166599915653933,0.39487499998358544,INFO,adaptador.request,false,degradado,0.3310840002086479,9661.659983701,9661.66035691,9661.659962035,9661.660314785,CIRCUIT_OPEN,2026-09-05T00:09:24.859641Z
1299fc9f-ec4e-4544-879e-82abc16d4df6,run1_rep3,D,OPEN,OPEN,request,CACHE,HIT,0.03241699960199185,0.5618340001092292,INFO,adaptador.request,false,degradado,0.4583749996527331,9661.700770493,9661.70129991,9661.700738076,9661.701228868,CIRCUIT_OPEN,2026-09-05T00:09:24.900622Z
a7961e69-7bff-4006-a468-1975885a2cdd,run1_rep3,D,OPEN,OPEN,request,CACHE,HIT,0.0289999989036005,0.4476249996514525,INFO,adaptador.request,false,degradado,0.3696250005305046,9661.70282691,9661.703245535,9661.70279791,9661.703196535,CIRCUIT_OPEN,2026-09-05T00:09:24.902540Z
c79e68f6-8df7-435a-aec5-838810df0f4c,run1_rep3,D,OPEN,OPEN,request,CACHE,HIT,0.050083999667549506,0.7925000008981442,INFO,adaptador.request,false,degradado,0.6263330014917301,9661.74286216,9661.743604576,9661.742812076,9661.743488493,CIRCUIT_OPEN,2026-09-05T00:09:24.942933Z
aeadb431-9f26-43d8-90db-2b189ab8cb23,run1_rep3,D,OPEN,OPEN,request,CACHE,HIT,0.0374589999410091,0.6009999997331761,INFO,adaptador.request,false,degradado,0.48779099961393513,9661.76518591,9661.765749451,9661.765148451,9661.765673701,CIRCUIT_OPEN,2026-09-05T00:09:24.965075Z
073a4847-0c49-408f-9852-fe749d5ca94f,run1_rep3,D,OPEN,OPEN,request,CACHE,HIT,0.039541999285575,0.6375419998221332,INFO,adaptador.request,false,degradado,0.5432079997262917,9661.788246118,9661.788844118,9661.788206576,9661.788789326,CIRCUIT_OPEN,2026-09-05T00:09:24.988141Z
200cd105-2d82-4aa3-9f5d-301b56650911,run1_rep3,D,OPEN,OPEN,request,CACHE,HIT,0.02195799970650114,0.4123329999856651,INFO,adaptador.request,false,degradado,0.3356670003995532,9661.794140576,9661.794530951,9661.794118618,9661.794476243,CIRCUIT_OPEN,2026-09-05T00:09:24.993822Z
fda712bb-a4ba-438a-a0d0-2b68c22d7076,run1_rep3,D,OPEN,OPEN,request,CACHE,HIT,0.04637500023818575,0.7547080003860174,INFO,adaptador.request,false,degradado,0.6293749993346864,9661.81364091,9661.814349243,9661.813594535,9661.814270285,CIRCUIT_OPEN,2026-09-05T00:09:25.013657Z
233ce576-6062-4b20-be3f-2a14a82ff71f,run1_rep3,D,OPEN,OPEN,request,CACHE,HIT,0.04749999970954377,0.7039169995550765,INFO,adaptador.request,false,degradado,0.5775419995188713,9661.864230826,9661.864887243,9661.864183326,9661.864808368,CIRCUIT_OPEN,2026-09-05T00:09:25.064205Z
fe62380c-16f1-49d3-8c61-272cdafe8736,run1_rep3,D,OPEN,OPEN,request,CACHE,HIT,0.03083299998252187,0.49870799921336584,INFO,adaptador.request,false,degradado,0.4129999997530831,9661.876271618,9661.876739493,9661.876240785,9661.876684618,CIRCUIT_OPEN,2026-09-05T00:09:25.076032Z
4614131e-aa9c-4edc-989b-35831d894af2,run1_rep3,D,OPEN,OPEN,request,CACHE,HIT,0.028624999686144292,0.6342079996102257,INFO,adaptador.request,false,degradado,0.48224999954982195,9661.888271493,9661.888877076,9661.888242868,9661.888753743,CIRCUIT_OPEN,2026-09-05T00:09:25.088267Z
d31c4a34-3d09-4ce0-88c0-0f8baaa2d219,run1_rep3,D,OPEN,OPEN,request,CACHE,HIT,0.04262500078766607,0.6549170011567185,INFO,adaptador.request,false,degradado,0.532957999894279,9661.933937493,9661.934549785,9661.933894868,9661.934470451,CIRCUIT_OPEN,2026-09-05T00:09:25.133867Z
5a31d1a7-698e-42b6-b08e-814d41b06902,run1_rep3,D,OPEN,OPEN,request,CACHE,HIT,0.024124999981722794,0.49558399950910825,INFO,adaptador.request,false,degradado,0.39362499956041574,9661.978582909,9661.979054368,9661.978558784,9661.978976534,CIRCUIT_OPEN,2026-09-05T00:09:25.179121Z
c69c41ae-47ea-4867-a3af-e973c984954d,run1_rep3,D,OPEN,OPEN,request,CACHE,HIT,0.016125000911415555,0.32870799986994825,INFO,adaptador.request,false,degradado,0.27549999867915176,9661.993405576,9661.993718159,9661.993389451,9661.993681076,CIRCUIT_OPEN,2026-09-05T00:09:25.193763Z
eb190ef3-b336-400d-ad43-5cd363c53fcf,run1_rep3,D,OPEN,OPEN,request,CACHE,HIT,0.01858400173659902,0.34979200063389726,INFO,adaptador.request,false,degradado,0.29224999889265746,9662.031962868,9662.032294076,9662.031944284,9662.032255118,CIRCUIT_OPEN,2026-09-05T00:09:25.232327Z
17f76de3-d6ac-4449-b03e-52b1b7e887d3,run1_rep3,D,OPEN,OPEN,request,CACHE,HIT,0.017790998754207976,0.6091659997764509,INFO,adaptador.request,false,degradado,0.5427090000011958,9662.067203284,9662.067794659,9662.067185493,9662.067745993,CIRCUIT_OPEN,2026-09-05T00:09:25.268038Z
041e15db-aee8-4772-8571-914791246b6b,run1_rep3,D,OPEN,OPEN,request,CACHE,HIT,0.008416000127908774,0.5227909987297608,INFO,adaptador.request,false,degradado,0.4857499989157077,9662.067473159,9662.067987534,9662.067464743,9662.067958909,CIRCUIT_OPEN,2026-09-05T00:09:25.268246Z
f6934b6b-14fd-4c00-94f5-9ff8bc1e97c3,run1_rep3,D,OPEN,OPEN,request,CACHE,HIT,0.009666999176261015,0.24895800015656278,INFO,adaptador.request,false,degradado,0.19750000137719326,9662.069495368,9662.069734659,9662.069485701,9662.069692868,CIRCUIT_OPEN,2026-09-05T00:09:25.269764Z
80e21ce3-bfd8-4c3b-a6fa-4f6f607a3e75,run1_rep3,D,OPEN,OPEN,request,CACHE,HIT,0.0285420010186499,0.5434169997897698,INFO,adaptador.request,false,degradado,0.44312499994703103,9662.177825368,9662.178340243,9662.177796826,9662.178268493,CIRCUIT_OPEN,2026-09-05T00:09:25.378414Z
7492112a-988f-4336-8857-4ce1dff0cd80,run1_rep3,D,OPEN,OPEN,request,CACHE,HIT,0.026375000743428245,0.40654199983691797,INFO,adaptador.request,false,degradado,0.33304200042039156,9662.199089034,9662.199469201,9662.199062659,9662.199422076,CIRCUIT_OPEN,2026-09-05T00:09:25.399521Z
01ce82c2-14f8-44ea-9f74-fd5460009160,run1_rep3,D,OPEN,OPEN,request,CACHE,HIT,0.016291000065393746,0.3843750000669388,INFO,adaptador.request,false,degradado,0.3054589997191215,9662.209662409,9662.210030493,9662.209646118,9662.209967868,CIRCUIT_OPEN,2026-09-05T00:09:25.410097Z
7dbba00d-df61-42ee-b670-4be6eed2113c,run1_rep3,D,OPEN,OPEN,request,CACHE,HIT,0.01887500002339948,0.38170900006662123,INFO,adaptador.request,false,degradado,0.31833400134928524,9662.222304034,9662.222666868,9662.222285159,9662.222622368,CIRCUIT_OPEN,2026-09-05T00:09:25.422721Z
195e9933-41bb-4d04-854f-09780ccc0c05,run1_rep3,D,OPEN,OPEN,request,CACHE,HIT,0.039165999623946846,0.6959999991522636,INFO,adaptador.request,false,degradado,0.5865420007467037,9662.288915284,9662.289572118,9662.288876118,9662.289501826,CIRCUIT_OPEN,2026-09-05T00:09:25.489654Z
a5748179-4954-4c51-ab66-3dc3aa130467,run1_rep3,D,OPEN,OPEN,request,CACHE,HIT,0.03908299913746305,0.7257500001287553,INFO,adaptador.request,false,degradado,0.5857080013811355,9662.335408201,9662.336094868,9662.335369118,9662.335993909,CIRCUIT_OPEN,2026-09-05T00:09:25.536182Z
9eedd851-3af8-41db-8fce-4a062f790e81,run1_rep3,D,OPEN,OPEN,request,CACHE,HIT,0.038333000702550635,0.6252500006667105,INFO,adaptador.request,false,degradado,0.5217500001890585,9662.368084951,9662.368671868,9662.368046618,9662.368606701,CIRCUIT_OPEN,2026-09-05T00:09:25.568736Z
3342efba-61ed-4437-9710-87622fd9a79f,run1_rep3,D,OPEN,OPEN,request,CACHE,HIT,0.050874999942607246,0.8061670014285482,INFO,adaptador.request,false,degradado,0.6515000004583271,9662.421462784,9662.422218076,9662.421411909,9662.422114284,CIRCUIT_OPEN,2026-09-05T00:09:25.622297Z
10233771-957f-48e4-96a9-2099c0108237,run1_rep3,D,OPEN,OPEN,request,CACHE,HIT,0.02874999881896656,0.7141249989217613,INFO,adaptador.request,false,degradado,0.6060409996280214,9662.424553243,9662.425238618,9662.424524493,9662.425159284,CIRCUIT_OPEN,2026-09-05T00:09:25.625332Z
c800c743-616e-48f1-b337-ab54786eb89b,run1_rep3,D,OPEN,OPEN,request,CACHE,HIT,0.03870900036417879,0.8511249998264248,INFO,adaptador.request,false,degradado,0.7370410003204597,9662.454796368,9662.455608784,9662.454757659,9662.455533409,CIRCUIT_OPEN,2026-09-05T00:09:25.655697Z
d18d604f-bf93-44ef-a1db-57d53c735185,run1_rep3,D,OPEN,OPEN,request,CACHE,HIT,0.036249999538995326,0.8805830002529547,INFO,adaptador.request,false,degradado,0.6956249999348074,9662.486237076,9662.487081409,9662.486200826,9662.486932701,CIRCUIT_OPEN,2026-09-05T00:09:25.687211Z
c0e173b6-d793-486e-b2f6-9f87d9f84012,run1_rep3,D,OPEN,OPEN,request,CACHE,HIT,0.029000000722589903,0.5240000009507639,INFO,adaptador.request,false,degradado,0.4262909988028696,9662.496233243,9662.496728243,9662.496204243,9662.496659534,CIRCUIT_OPEN,2026-09-05T00:09:25.696813Z
7f93c9a3-38dd-409e-b0e0-63d57921eddd,run1_rep3,D,OPEN,OPEN,request,CACHE,HIT,0.017083000784623437,0.4191669995634584,INFO,adaptador.request,false,degradado,0.34329200025240425,9662.509669159,9662.510071243,9662.509652076,9662.510012451,CIRCUIT_OPEN,2026-09-05T00:09:25.710128Z
77d6d67f-e0b2-45d1-a09d-05d5801d119b,run1_rep3,D,OPEN,OPEN,request,CACHE,HIT,0.060874999689986,1.3275000001158332,INFO,adaptador.request,false,degradado,1.1618749995250255,9662.598241909,9662.599508534,9662.598181034,9662.599403784,CIRCUIT_OPEN,2026-09-05T00:09:25.799904Z
945d9f63-4ee7-4b8b-98e0-7c9116e52019,run1_rep3,D,OPEN,OPEN,request,CACHE,HIT,0.023999999029911123,1.0252089996356517,INFO,adaptador.request,false,degradado,0.9284170009777881,9662.598818784,9662.599819993,9662.598794784,9662.599747201,CIRCUIT_OPEN,2026-09-05T00:09:25.800262Z
349142b6-5337-413a-b6c2-9fc2576057ee,run1_rep3,D,OPEN,OPEN,request,CACHE,HIT,0.029999999242136255,0.5982499988022028,INFO,adaptador.request,false,degradado,0.49333300012222026,9662.604315076,9662.604883326,9662.604285076,9662.604808409,CIRCUIT_OPEN,2026-09-05T00:09:25.804971Z
881473a4-2a6e-481d-a368-e64c5bfb0a64,run1_rep3,D,OPEN,OPEN,request,CACHE,HIT,0.019708000763785094,0.4834160008613253,INFO,adaptador.request,false,degradado,0.40720799916016404,9662.619948076,9662.620411784,9662.619928368,9662.620355284,CIRCUIT_OPEN,2026-09-05T00:09:25.820477Z
2baf96ab-7263-430b-abbb-8eb0d85e6467,run1_rep3,D,OPEN,OPEN,request,CACHE,HIT,0.016041998605942354,0.3580840002541663,INFO,adaptador.request,false,degradado,0.29829200138919987,9662.645197326,9662.645539368,9662.645181284,9662.645495618,CIRCUIT_OPEN,2026-09-05T00:09:25.845585Z
fce18b41-5bfd-4598-9c4c-7709eaaa7f5f,run1_rep3,D,OPEN,OPEN,request,CACHE,HIT,0.041916000554920174,0.7179160002124263,INFO,adaptador.request,false,degradado,0.5892919998586876,9662.692220576,9662.692896576,9662.69217866,9662.692809868,CIRCUIT_OPEN,2026-09-05T00:09:25.893003Z
e1271b95-1885-4561-89ff-fadb33bd7637,run1_rep3,D,OPEN,OPEN,request,CACHE,HIT,0.04008300129498821,0.6697920016449643,INFO,adaptador.request,false,degradado,0.5415420000645099,9662.720349826,9662.720979535,9662.720309743,9662.720891368,CIRCUIT_OPEN,2026-09-05T00:09:25.921085Z
48c1f102-0fed-4963-8203-7ceefbcc1e3a,run1_rep3,D,OPEN,OPEN,request,CACHE,HIT,0.03337500129418913,0.597875001403736,INFO,adaptador.request,false,degradado,0.48541700016357936,9662.735717076,9662.736281576,9662.735683701,9662.736202493,CIRCUIT_OPEN,2026-09-05T00:09:25.936371Z
5befee08-edb9-4c68-a60c-cd15f36e65c5,run1_rep3,D,OPEN,OPEN,request,CACHE,HIT,0.036458000977290794,0.6501660009234911,INFO,adaptador.request,false,degradado,0.548250000065309,9662.756307493,9662.756921201,9662.756271035,9662.756855743,CIRCUIT_OPEN,2026-09-05T00:09:25.956984Z
98fdbc25-aba8-4187-8e7d-bfd5e361884f,run1_rep3,D,OPEN,OPEN,request,CACHE,HIT,0.025457999072386883,0.4919580005662283,INFO,adaptador.request,false,degradado,0.41604200123401824,9662.757770076,9662.758236576,9662.757744618,9662.758186118,CIRCUIT_OPEN,2026-09-05T00:09:25.958291Z
7fec8835-bf0b-4cf7-a46e-7ec46a37c33f,run1_rep3,D,OPEN,OPEN,request,CACHE,HIT,0.030666999009554274,0.5274169998301659,INFO,adaptador.request,false,degradado,0.43008300053770654,9662.789252035,9662.789748785,9662.789221368,9662.789682118,CIRCUIT_OPEN,2026-09-05T00:09:25.989827Z
2edb0b38-abb2-41bb-9698-34ee6c92bae7,run1_rep3,D,OPEN,OPEN,request,CACHE,HIT,0.050082999223377556,0.49491699974169023,INFO,adaptador.request,false,degradado,0.38991700057522394,9662.795031951,9662.795476785,9662.794981868,9662.795421868,CIRCUIT_OPEN,2026-09-05T00:09:25.995532Z
6dcf47c2-17ae-45cb-a58c-83a980b536f5,run1_rep3,D,OPEN,OPEN,request,CACHE,HIT,0.02858299922081642,0.5373749991122168,INFO,adaptador.request,false,degradado,0.4445000013220124,9662.824936451,9662.825445243,9662.824907868,9662.825380951,CIRCUIT_OPEN,2026-09-05T00:09:26.025518Z
582581b3-031f-4164-87c6-d6104d4572c1,run1_rep3,D,OPEN,OPEN,request,CACHE,HIT,0.04845800140174106,0.7358750008279458,INFO,adaptador.request,false,degradado,0.5905419984628679,9662.903911118,9662.904598535,9662.90386266,9662.90450166,CIRCUIT_OPEN,2026-09-05T00:09:26.104684Z
42fc5b33-9d0f-4d4a-81b1-65bde3c8c953,run1_rep3,D,OPEN,OPEN,request,CACHE,HIT,0.05133299964654725,0.8304170005430933,INFO,adaptador.request,false,degradado,0.6849590008641826,9662.990772451,9662.991551535,9662.990721118,9662.99145741,CIRCUIT_OPEN,2026-09-05T00:09:26.191626Z
d624c7cd-f5e8-4c5d-9bb1-f74f1ef559f6,run1_rep3,D,OPEN,OPEN,request,CACHE,HIT,0.03670900150609668,0.5725420014641713,INFO,adaptador.request,false,degradado,0.4546250002022134,9663.030217285,9663.030753118,9663.030180576,9663.03067191,CIRCUIT_OPEN,2026-09-05T00:09:26.230836Z
1c09f2cd-7bde-4067-9a08-d08615c31f87,run1_rep3,D,OPEN,OPEN,request,CACHE,HIT,0.04012499994132668,0.6939169998076977,INFO,adaptador.request,false,degradado,0.5780419996881392,9663.070954868,9663.07160866,9663.070914743,9663.07153291,CIRCUIT_OPEN,2026-09-05T00:09:26.271681Z
f75ab5ce-0f9b-4f52-b27f-0fe6f0f5a8f2,run1_rep3,D,OPEN,OPEN,request,CACHE,HIT,0.031707999369245954,0.5574579990934581,INFO,adaptador.request,false,degradado,0.4542919996310957,9663.086929243,9663.087454993,9663.086897535,9663.087383535,CIRCUIT_OPEN,2026-09-05T00:09:26.287528Z
a3c4f479-1cf8-4cac-b225-620f36bfa23f,run1_rep3,D,OPEN,OPEN,request,CACHE,HIT,0.03729199852386955,0.525542000104906,INFO,adaptador.request,false,degradado,0.4159159998380346,9663.120234535,9663.120722785,9663.120197243,9663.120650451,CIRCUIT_OPEN,2026-09-05T00:09:26.320800Z
d7e0fa22-7fc4-448d-9e99-27378b870504,run1_rep3,D,OPEN,OPEN,request,CACHE,HIT,0.029625000024680048,0.5337080001481809,INFO,adaptador.request,false,degradado,0.44383299973560497,9663.142997868,9663.143501951,9663.142968243,9663.143441701,CIRCUIT_OPEN,2026-09-05T00:09:26.343570Z
abdce486-97a8-480e-b3bb-7ac5466dc07b,run1_rep3,D,OPEN,OPEN,request,CACHE,HIT,0.03041700074390974,0.5756670016126009,INFO,adaptador.request,false,degradado,0.48320799942302983,9663.153952785,9663.154498035,9663.153922368,9663.154435993,CIRCUIT_OPEN,2026-09-05T00:09:26.354566Z
86d6464d-ec65-4e62-9ff5-0db15c27bbf0,run1_rep3,D,OPEN,OPEN,request,CACHE,HIT,0.03595799898903351,0.6493330001831055,INFO,adaptador.request,false,degradado,0.5423750008048955,9663.181605826,9663.182219201,9663.181569868,9663.182148201,CIRCUIT_OPEN,2026-09-05T00:09:26.382288Z
ad39c322-044c-4279-9129-a48fe1f42563,run1_rep3,D,OPEN,OPEN,request,CACHE,HIT,0.031083000067155808,0.6076669997128192,INFO,adaptador.request,false,degradado,0.4802919993380783,9663.190857701,9663.191434285,9663.190826618,9663.191337993,CIRCUIT_OPEN,2026-09-05T00:09:26.391528Z
0035e074-f89d-4aa6-88d3-d763fcdb192d,run1_rep3,D,OPEN,OPEN,request,CACHE,HIT,0.035582999771577306,0.6258330013224622,INFO,adaptador.request,false,degradado,0.5078340000181925,9663.241357701,9663.241947951,9663.241322118,9663.241865535,CIRCUIT_OPEN,2026-09-05T00:09:26.442054Z
a7033c87-6aab-47df-86a7-ee7007e7a573,run1_rep3,D,OPEN,OPEN,request,CACHE,HIT,0.03375000051164534,0.5439579999801936,INFO,adaptador.request,false,degradado,0.4440829998202389,9663.25905366,9663.259563868,9663.25901991,9663.259497743,CIRCUIT_OPEN,2026-09-05T00:09:26.459633Z
f74daef3-3192-4d15-80a1-116ed31c2135,run1_rep3,D,OPEN,OPEN,request,CACHE,HIT,0.028500000553322025,0.48837499889486935,INFO,adaptador.request,false,degradado,0.39779099824954756,9663.270234785,9663.27069466,9663.270206285,9663.270632576,CIRCUIT_OPEN,2026-09-05T00:09:26.470761Z
9e76da4b-a2da-49b2-b292-ee23aae6f300,run1_rep3,D,OPEN,OPEN,request,CACHE,HIT,0.07054200068523642,0.7803330008755438,INFO,adaptador.request,false,degradado,0.6168330000946298,9663.349036285,9663.349746076,9663.348965743,9663.349653118,CIRCUIT_OPEN,2026-09-05T00:09:26.549840Z
