escenario,ejecucion_id,total_peticiones,exitosos,degradados,fallidos,disponibilidad_pct,tasa_errores_pct,cumple_meta_disponibilidad,peticiones_conmutadas,conmutaciones_bajo_1s,pct_conmutaciones_bajo_1s,conmutacion_p50_ms,conmutacion_p95_ms,conmutacion_max_ms,cache_hits,cache_misses,consultas_cache,cache_hit_rate_pct,latencia_n,latencia_p50_ms,latencia_p95_ms,latencia_p99_ms,latencia_max_ms,latencia_media_ms,cumple_meta_conmutacion
A,run1_rep1,773,773,0,0,100.0,0.0,True,0.0,0.0,,,,,0.0,0.0,0.0,,773.0,502.3050840009091,648.0958248001115,699.2749737604026,729.4972500003496,470.88322229755875,
A,run1_rep2,782,782,0,0,100.0,0.0,True,0.0,0.0,,,,,0.0,0.0,0.0,,782.0,498.36860449977394,649.9204576996816,702.484959769863,772.2095830013131,469.5308665665213,
A,run1_rep3,782,782,0,0,100.0,0.0,True,0.0,0.0,,,,,0.0,0.0,0.0,,782.0,494.3573130012737,641.0249440987172,689.951279769666,765.7517509996978,462.7261319871843,
B,run1_rep1,1824,53,1771,0,100.0,0.0,True,1771.0,1771.0,100.0,0.59966600019834,1.4904790004948154,6.333792000077665,1771.0,0.0,1771.0,100.0,1824.0,0.7318335001400555,80.74081249942486,645.9877017494546,710.0401669995335,20.492948644188576,True
B,run1_rep2,1805,49,1756,0,100.0,0.0,True,1756.0,1756.0,100.0,0.6027500003256137,1.5009272497081838,6.404333000318729,1756.0,0.0,1756.0,100.0,1805.0,0.7328749998123385,71.37741640071897,642.6906353202506,712.8145430015138,19.600648370076346,True
B,run1_rep3,1820,52,1768,0,100.0,0.0,True,1768.0,1768.0,100.0,0.5861665013071615,1.4459747996625072,5.22787499903643,1768.0,0.0,1768.0,100.0,1820.0,0.7155835000958177,73.24215205089784,656.1776532302065,712.6117919997341,19.71063499614492,True
C,run1_rep1,1905,48,1857,0,100.0,0.0,True,1857.0,1857.0,100.0,0.562375000299653,1.1594079998758382,4.7509579999314155,1857.0,0.0,1857.0,100.0,1905.0,0.6894159996591043,1.7220585996255977,102.7044253196801,179.11616699893784,3.361791128595673,True
C,run1_rep2,1937,48,1889,0,100.0,0.0,True,1889.0,1889.0,100.0,0.5542079998122063,1.2130915998568523,5.328457998984959,1889.0,0.0,1889.0,100.0,1937.0,0.6848749999335269,1.789399999688607,97.19815799988277,179.8487500000192,3.2251657176098165,True
C,run1_rep3,1947,50,1897,0,100.0,0.0,True,1897.0,1897.0,100.0,0.5695410000043921,1.1440334008511848,3.7460000003193272,1897.0,0.0,1897.0,100.0,1947.0,0.6956670004001353,1.556920700022601,91.39593249983588,168.03033299947856,3.1779055778214627,True
D,run1_rep1,248,52,196,0,100.0,0.0,True,196.0,196.0,100.0,0.6441460000132793,2.0070110003871378,4.817125000045053,196.0,0.0,196.0,100.0,248.0,0.862666500324849,101.43261469956994,152.52541849078625,178.71562499931315,20.205151076652328,True
D,run1_rep2,256,50,206,0,100.0,0.0,True,206.0,206.0,100.0,0.6211669997355784,1.434749749932962,2.567584000644274,206.0,0.0,206.0,100.0,256.0,0.8545624996258994,104.21670874939082,156.7512770509892,166.0967919997347,19.190708328167716,True
D,run1_rep3,264,50,214,0,100.0,0.0,True,214.0,214.0,100.0,0.5233540005065151,1.3439022994134573,4.475791000004392,214.0,0.0,214.0,100.0,264.0,0.7039584997983184,107.48381330013216,157.8713133690326,196.02745799966215,19.09461489390885,True
E,run1_rep1,918,658,260,0,100.0,0.0,True,260.0,260.0,100.0,0.5826875003549503,1.21539310002845,2.3991250000108266,260.0,0.0,260.0,100.0,918.0,440.9663124997678,647.897468750125,720.2499907500172,802.3202090007544,342.0031245675481,True
E,run1_rep2,922,665,257,0,100.0,0.0,True,257.0,257.0,100.0,0.6387910016201204,1.2179915996966881,1.7842500001279404,257.0,0.0,257.0,100.0,922.0,452.32608349942893,635.0221819000581,685.030772000191,743.5418339991884,344.98511385032805,True
E,run1_rep3,919,659,260,0,100.0,0.0,True,260.0,260.0,100.0,0.5351460004021646,1.2980431001778925,1.9655420001072343,260.0,0.0,260.0,100.0,919.0,466.2800839996635,635.4769338986443,699.436901439585,776.3499579996278,350.7423474559219,True
F,run1_rep1,1954,53,0,1901,2.712384851586489,97.28761514841351,False,1901.0,1901.0,100.0,0.6139170000096783,1.1586250002437737,4.4578750002983725,0.0,1901.0,1901.0,0.0,1954.0,0.764625000556407,1.6057729005296988,95.27259924965622,186.343167000814,3.3828616269211227,True
F,run1_rep2,1937,47,0,1890,2.4264326277749095,97.57356737222509,False,1890.0,1890.0,100.0,0.615853999988758,1.1592792004194052,2.599542000098154,0.0,1890.0,1890.0,0.0,1937.0,0.7657920014025876,1.5447077999851893,98.37066511921867,190.45783299952745,3.2431936056106467,True
F,run1_rep3,1898,49,0,1849,2.5816649104320337,97.41833508956796,False,1849.0,1849.0,100.0,0.5841250003868481,1.2418750004144377,19.067208999331342,0.0,1849.0,1849.0,0.0,1898.0,0.7318960006159614,1.8000875999859975,89.11742976148156,195.88158300030045,3.1974303434891946,True
G,run1_rep1,1549,1549,0,0,100.0,0.0,True,0.0,0.0,,,,,0.0,0.0,0.0,,1549.0,3776.8179169997893,3974.0309684009844,4097.326521319992,4218.835585999841,3557.1310760580805,
G,run1_rep2,1537,1537,0,0,100.0,0.0,True,0.0,0.0,,,,,0.0,0.0,0.0,,1537.0,3800.736876000883,4046.9202100008256,4173.042693119641,4291.286335001132,3584.2106515328655,
G,run1_rep3,1556,1556,0,0,100.0,0.0,True,0.0,0.0,,,,,0.0,0.0,0.0,,1556.0,3760.231417499199,3972.3757414994907,4058.6592311999993,4157.909043999098,3554.6244668541076,
